{"stats":{"minecraft:dropped":{"minecraft:water_bucket":1,"minecraft:torchflower":1,"minecraft:iron_ingot":131,"minecraft:diamond":9,"minecraft:crafting_table":1,"minecraft:cooked_porkchop":3,"minecraft:iron_helmet":1,"minecraft:cobblestone":1,"minecraft:amethyst_block":1,"minecraft:stick":2,"minecraft:iron_pickaxe":1,"minecraft:acacia_planks":68,"minecraft:redstone":2,"minecraft:gravel":1,"minecraft:brick_wall":1,"minecraft:cobbled_deepslate":4,"minecraft:rotten_flesh":2,"minecraft:flower_pot":1,"minecraft:gunpowder":1,"aether:iron_gloves":1,"minecraft:iron_chestplate":1,"minecraft:andesite":1,"minecraft:brick_slab":1},"minecraft:custom":{"minecraft:interact_with_anvil":1,"minecraft:mob_kills":34,"minecraft:interact_with_crafting_table":31,"minecraft:open_barrel":23,"goblintraders:trade_with_goblin":3,"minecraft:bell_ring":9,"minecraft:leave_game":25,"minecraft:time_since_death":4694,"minecraft:climb_one_cm":3365,"minecraft:sprint_one_cm":587781,"minecraft:walk_one_cm":344393,"minecraft:damage_blocked_by_shield":495,"minecraft:drop":28,"minecraft:play_time":225396,"minecraft:deaths":23,"minecraft:sneak_time":24093,"minecraft:walk_under_water_one_cm":20795,"minecraft:jump":3187,"minecraft:interact_with_blast_furnace":2,"minecraft:walk_on_water_one_cm":29875,"minecraft:total_world_time":341686,"minecraft:interact_with_furnace":47,"minecraft:interact_with_stonecutter":1,"minecraft:sleep_in_bed":8,"minecraft:time_since_rest":1717,"minecraft:damage_taken":9827,"minecraft:damage_dealt":6890,"minecraft:swim_one_cm":51883,"minecraft:player_kills":5,"minecraft:fly_one_cm":844931,"minecraft:open_chest":8,"minecraft:crouch_one_cm":56831,"minecraft:fall_one_cm":87152,"minecraft:horse_one_cm":4627},"minecraft:killed_by":{"minecraft:player":9},"minecraft:mined":{"minecraft:large_amethyst_bud":2,"minecraft:crying_obsidian":3,"minecraft:tuff":10,"minecraft:spruce_planks":18,"minecraft:white_bed":12,"minecraft:mossy_cobblestone":1,"minecraft:deepslate_diamond_ore":15,"minecraft:brewing_stand":6,"minecraft:granite":1,"minecraft:acacia_log":30,"minecraft:grass_block":1,"minecraft:decorated_pot":2,"minecraft:jungle_planks":1,"minecraft:deepslate_bricks":5,"minecraft:coal_block":2,"minecraft:spawner":3,"minecraft:hay_block":2,"minecraft:raw_iron_block":2,"minecraft:furnace":3,"minecraft:acacia_trapdoor":1,"minecraft:raw_gold_block":4,"minecraft:iron_ore":45,"minecraft:potted_torchflower":1,"minecraft:polished_basalt":1,"minecraft:cobbled_deepslate":2,"minecraft:fire":12,"minecraft:acacia_wood":1,"minecraft:andesite":18,"minecraft:stripped_spruce_log":2,"minecraft:diamond_block":1,"minecraft:anvil":1,"minecraft:deepslate_lapis_ore":7,"minecraft:potted_cherry_sapling":1,"minecraft:sculk_shrieker":2,"minecraft:pointed_dripstone":4,"minecraft:deepslate_iron_ore":6,"minecraft:iron_bars":1,"minecraft:deepslate_brick_stairs":7,"minecraft:stone":18,"minecraft:scaffolding":1,"minecraft:soul_fire":6,"minecraft:piglin_head":1,"minecraft:cornflower":1,"minecraft:crafting_table":12,"minecraft:torch":1,"minecraft:dark_oak_wood":3,"minecraft:calcite":1,"minecraft:blast_furnace":7,"minecraft:oak_wood":2,"minecraft:sponge":4,"minecraft:chest":2,"minecraft:glass":1,"minecraft:cobblestone":5,"minecraft:deepslate_coal_ore":1,"minecraft:dried_kelp_block":1,"minecraft:deepslate_gold_ore":3,"minecraft:oak_planks":5,"minecraft:wall_torch":3,"minecraft:amethyst_block":4,"minecraft:air":5,"minecraft:birch_planks":2,"minecraft:coarse_dirt":1,"minecraft:polished_blackstone_stairs":1,"minecraft:blue_ice":7,"minecraft:coal_ore":32,"minecraft:gravel":1,"minecraft:dirt":14,"minecraft:lodestone":6,"minecraft:cobweb":21,"minecraft:smooth_basalt":1,"minecraft:wither_skeleton_skull":2,"minecraft:polished_blackstone":1,"minecraft:ancient_debris":4,"minecraft:gold_ore":2,"minecraft:deepslate":195},"minecraft:killed":{"minecraft:cave_spider":5,"minecraft:skeleton":7,"mowziesmobs:grottol":1,"minecraft:pig":4,"minecraft:zombie_villager":1,"cataclysm:the_watcher":5,"minecraft:sheep":3,"minecraft:zombie":6,"minecraft:cow":2},"minecraft:used":{"minecraft:dried_kelp":9,"minecraft:spruce_planks":24,"minecraft:shield":8,"minecraft:stone":57,"easy_hammers:stone_hammer":30,"minecraft:iron_sword":158,"twilightforest:sorting_log_core":1,"travelersbackpack:bat":8,"minecraft:rotten_flesh":2,"simpletomb:grave_key":23,"minecraft:torch":180,"minecraft:dirt":13,"minecraft:tuff":1,"minecraft:lava_bucket":24,"minecraft:lantern":4,"minecraft:iron_axe":17,"minecraft:brick_stairs":26,"twilightforest:time_log_core":3,"minecraft:furnace":3,"minecraft:cooked_beef":5,"minecraft:cobbled_deepslate":95,"minecraft:acacia_planks":48,"minecraft:pointed_dripstone":1,"minecraft:calcite":1,"minecraft:cooked_mutton":4,"minecraft:water_bucket":27,"minecraft:acacia_trapdoor":3,"minecraft:stone_pickaxe":82,"minecraft:oak_planks":8,"minecraft:wooden_pickaxe":4,"minecraft:crafting_table":12,"minecraft:white_bed":16,"minecraft:diamond_pickaxe":284,"minecraft:bread":9,"minecraft:iron_pickaxe":68,"minecraft:stone_axe":92,"minecraft:cobblestone":58,"minecraft:cooked_porkchop":1,"minecraft:andesite":90,"minecraft:bucket":54},"minecraft:crafted":{"minecraft:oak_planks":8,"minecraft:raw_iron":9,"minecraft:coal":18,"minecraft:furnace":3,"easy_hammers:stone_hammer":1,"minecraft:cooked_mutton":4,"minecraft:diamond":9,"minecraft:iron_boots":1,"minecraft:iron_axe":1,"minecraft:stone_pickaxe":1,"minecraft:dark_oak_planks":12,"minecraft:wheat":18,"minecraft:cooked_porkchop":2,"minecraft:crafting_table":3,"minecraft:spruce_planks":8,"minecraft:dried_kelp":9,"minecraft:wooden_pickaxe":1,"minecraft:iron_helmet":3,"minecraft:iron_sword":1,"minecraft:acacia_trapdoor":2,"minecraft:bucket":3,"minecraft:stone_axe":1,"minecraft:bread":6,"minecraft:air":0,"minecraft:iron_chestplate":2,"minecraft:diamond_pickaxe":1,"minecraft:shield":1,"minecraft:raw_gold":36,"minecraft:stick":80,"minecraft:iron_ingot":47,"minecraft:iron_pickaxe":1,"minecraft:gold_ingot":5,"minecraft:white_bed":1,"minecraft:acacia_planks":156,"minecraft:torch":220},"minecraft:picked_up":{"minecraft:crafting_table":12,"minecraft:coarse_dirt":1,"minecraft:flower_pot":2,"minecraft:anvil":1,"minecraft:brewing_stand":6,"minecraft:amethyst_block":1,"minecraft:cornflower":1,"minecraft:string":16,"minecraft:iron_leggings":1,"minecraft:cobbled_deepslate":471,"minecraft:spruce_planks":17,"minecraft:beef":2,"easy_hammers:stone_hammer":1,"minecraft:calcite":1,"minecraft:coal_block":2,"minecraft:chest":2,"minecraft:stick":3,"minecraft:raw_iron":87,"minecraft:polished_blackstone_stairs":1,"minecraft:raw_gold_block":4,"minecraft:torch":10,"minecraft:acacia_log":38,"minecraft:porkchop":6,"minecraft:pointed_dripstone":7,"minecraft:redstone":9,"minecraft:arrow":8,"minecraft:rotten_flesh":4,"minecraft:deepslate_bricks":2,"minecraft:hay_block":2,"minecraft:gold_ingot":1,"minecraft:polished_blackstone":1,"minecraft:deepslate_brick_stairs":7,"minecraft:mutton":4,"minecraft:cobblestone":108,"minecraft:rail":1,"minecraft:white_wool":3,"minecraft:sponge":4,"minecraft:cooked_beef":5,"minecraft:andesite":107,"minecraft:leather":3,"minecraft:acacia_wood":1,"minecraft:birch_planks":1,"minecraft:torchflower":2,"minecraft:tuff":10,"minecraft:ancient_debris":4,"minecraft:gunpowder":2,"minecraft:wither_skeleton_skull":2,"minecraft:lapis_lazuli":48,"minecraft:dirt":13,"minecraft:piglin_head":1,"minecraft:bone":8,"minecraft:acacia_planks":64,"minecraft:acacia_trapdoor":1,"minecraft:raw_gold":5,"minecraft:iron_ingot":192,"minecraft:acacia_sapling":8,"minecraft:iron_sword":2,"minecraft:oak_planks":3,"minecraft:scaffolding":1,"minecraft:smooth_basalt":1,"minecraft:cooked_porkchop":2,"minecraft:raw_iron_block":1,"minecraft:jungle_planks":1,"minecraft:stripped_spruce_log":2,"minecraft:blast_furnace":7,"minecraft:white_bed":15,"minecraft:diamond_block":1,"minecraft:oak_wood":2,"minecraft:dried_kelp_block":1,"minecraft:diamond":15,"minecraft:iron_helmet":1,"minecraft:cherry_sapling":1,"minecraft:lodestone":6,"minecraft:dark_oak_wood":3,"minecraft:coal":91}},"DataVersion":3465}