{"stats":{"minecraft:dropped":{"minecraft:gravel":1,"minecraft:brick_wall":1,"minecraft:cobblestone":1,"aether:iron_gloves":1,"minecraft:brick_slab":1},"minecraft:custom":{"minecraft:interact_with_furnace":1,"minecraft:mob_kills":10,"minecraft:interact_with_crafting_table":9,"minecraft:leave_game":14,"minecraft:time_since_death":6891,"minecraft:sleep_in_bed":2,"minecraft:time_since_rest":4475,"minecraft:sprint_one_cm":142587,"minecraft:damage_taken":1746,"minecraft:walk_one_cm":64499,"minecraft:drop":5,"minecraft:damage_dealt":1152,"minecraft:swim_one_cm":14220,"minecraft:fly_one_cm":547044,"minecraft:open_chest":2,"minecraft:crouch_one_cm":28110,"minecraft:play_time":95386,"minecraft:deaths":4,"minecraft:sneak_time":11955,"minecraft:walk_under_water_one_cm":4352,"minecraft:jump":966,"minecraft:walk_on_water_one_cm":5054,"minecraft:total_world_time":211676,"minecraft:fall_one_cm":33505,"minecraft:horse_one_cm":4627},"minecraft:mined":{"minecraft:large_amethyst_bud":2,"minecraft:spruce_planks":18,"minecraft:white_bed":1,"minecraft:cornflower":1,"minecraft:crafting_table":5,"minecraft:dark_oak_wood":3,"minecraft:acacia_log":30,"minecraft:oak_wood":2,"minecraft:grass_block":1,"minecraft:jungle_planks":1,"minecraft:cobblestone":3,"minecraft:oak_planks":5,"minecraft:wall_torch":1,"minecraft:air":5,"minecraft:birch_planks":2,"minecraft:coarse_dirt":1,"minecraft:iron_ore":3,"minecraft:acacia_wood":1,"minecraft:andesite":2,"minecraft:stripped_spruce_log":2,"minecraft:coal_ore":21,"minecraft:dirt":14,"minecraft:stone":17},"minecraft:killed":{"minecraft:pig":4,"minecraft:zombie_villager":1,"minecraft:sheep":3,"minecraft:skeleton":1,"minecraft:cow":1},"minecraft:used":{"minecraft:water_bucket":1,"minecraft:stone_pickaxe":39,"minecraft:oak_planks":1,"minecraft:wooden_pickaxe":4,"easy_hammers:stone_hammer":11,"minecraft:stone":57,"twilightforest:sorting_log_core":1,"minecraft:rotten_flesh":2,"simpletomb:grave_key":2,"minecraft:torch":13,"minecraft:dirt":13,"minecraft:crafting_table":5,"minecraft:white_bed":1,"minecraft:lava_bucket":1,"minecraft:lantern":4,"minecraft:bread":2,"minecraft:brick_stairs":26,"minecraft:stone_axe":91,"minecraft:cobblestone":57,"twilightforest:time_log_core":3,"minecraft:bucket":3,"minecraft:cooked_beef":1},"minecraft:crafted":{"minecraft:oak_planks":8,"minecraft:crafting_table":1,"minecraft:spruce_planks":8,"minecraft:wooden_pickaxe":1,"easy_hammers:stone_hammer":1,"minecraft:bucket":2,"minecraft:stone_axe":1,"minecraft:shield":1,"minecraft:stick":12,"minecraft:stone_pickaxe":1,"minecraft:white_bed":1,"minecraft:acacia_planks":16,"minecraft:dark_oak_planks":12,"minecraft:torch":20},"minecraft:picked_up":{"minecraft:coarse_dirt":1,"minecraft:crafting_table":5,"minecraft:cooked_beef":5,"minecraft:andesite":2,"minecraft:leather":2,"minecraft:acacia_wood":1,"minecraft:birch_planks":1,"minecraft:cornflower":1,"minecraft:dirt":13,"minecraft:bone":2,"minecraft:spruce_planks":17,"minecraft:beef":1,"minecraft:iron_sword":1,"minecraft:acacia_sapling":8,"minecraft:oak_planks":3,"minecraft:raw_iron":3,"minecraft:stick":3,"minecraft:torch":1,"minecraft:acacia_log":38,"minecraft:porkchop":6,"minecraft:jungle_planks":1,"minecraft:stripped_spruce_log":2,"minecraft:white_bed":1,"minecraft:oak_wood":2,"minecraft:arrow":1,"minecraft:rotten_flesh":2,"minecraft:dark_oak_wood":3,"minecraft:mutton":4,"minecraft:coal":54,"minecraft:white_wool":3,"minecraft:cobblestone":104}},"DataVersion":3465}