{"stats":{"minecraft:custom":{"minecraft:jump":128,"minecraft:time_since_rest":26025,"minecraft:deaths":1,"minecraft:walk_on_water_one_cm":28,"minecraft:crouch_one_cm":12240,"minecraft:leave_game":3,"minecraft:play_time":42730,"minecraft:sprint_one_cm":14462,"minecraft:damage_taken":395,"minecraft:time_since_death":26002,"minecraft:walk_one_cm":12692,"minecraft:sneak_time":4862,"minecraft:total_world_time":159020,"minecraft:walk_under_water_one_cm":1890,"minecraft:fall_one_cm":5790,"minecraft:fly_one_cm":149259,"minecraft:horse_one_cm":4627}},"DataVersion":3465}