{"stats":{"minecraft:dropped":{"minecraft:gravel":1,"minecraft:brick_wall":1,"minecraft:cobblestone":1,"aether:iron_gloves":1,"minecraft:brick_slab":1},"minecraft:custom":{"minecraft:interact_with_furnace":1,"minecraft:mob_kills":10,"minecraft:interact_with_crafting_table":7,"minecraft:leave_game":14,"minecraft:time_since_death":4639,"minecraft:time_since_rest":4683,"minecraft:sprint_one_cm":96588,"minecraft:damage_taken":1265,"minecraft:walk_one_cm":51206,"minecraft:drop":5,"minecraft:damage_dealt":1140,"minecraft:swim_one_cm":12289,"minecraft:fly_one_cm":492238,"minecraft:open_chest":2,"minecraft:crouch_one_cm":26496,"minecraft:play_time":83386,"minecraft:deaths":3,"minecraft:sneak_time":11141,"minecraft:walk_under_water_one_cm":3847,"minecraft:jump":623,"minecraft:walk_on_water_one_cm":2060,"minecraft:total_world_time":199676,"minecraft:fall_one_cm":26439,"minecraft:horse_one_cm":4627},"minecraft:mined":{"minecraft:large_amethyst_bud":2,"minecraft:spruce_planks":17,"minecraft:cornflower":1,"minecraft:crafting_table":3,"minecraft:dark_oak_wood":3,"minecraft:acacia_log":30,"minecraft:grass_block":1,"minecraft:cobblestone":2,"minecraft:oak_planks":5,"minecraft:wall_torch":1,"minecraft:air":5,"minecraft:birch_planks":1,"minecraft:iron_ore":3,"minecraft:acacia_wood":1,"minecraft:andesite":2,"minecraft:stripped_spruce_log":2,"minecraft:coal_ore":17,"minecraft:dirt":14,"minecraft:stone":17},"minecraft:killed":{"minecraft:pig":4,"minecraft:zombie_villager":1,"minecraft:sheep":3,"minecraft:skeleton":1,"minecraft:cow":1},"minecraft:used":{"minecraft:stone_pickaxe":38,"minecraft:wooden_pickaxe":4,"easy_hammers:stone_hammer":7,"minecraft:stone":57,"twilightforest:sorting_log_core":1,"minecraft:rotten_flesh":2,"simpletomb:grave_key":1,"minecraft:torch":13,"minecraft:dirt":13,"minecraft:crafting_table":3,"minecraft:lantern":4,"minecraft:bread":1,"minecraft:brick_stairs":26,"minecraft:stone_axe":84,"minecraft:cobblestone":47,"twilightforest:time_log_core":3,"minecraft:cooked_beef":1},"minecraft:crafted":{"minecraft:crafting_table":1,"minecraft:spruce_planks":8,"minecraft:wooden_pickaxe":1,"easy_hammers:stone_hammer":1,"minecraft:stone_axe":1,"minecraft:stick":12,"minecraft:stone_pickaxe":1,"minecraft:white_bed":1,"minecraft:acacia_planks":16,"minecraft:torch":20},"minecraft:picked_up":{"minecraft:crafting_table":3,"minecraft:cooked_beef":5,"minecraft:andesite":2,"minecraft:leather":2,"minecraft:acacia_wood":1,"minecraft:cornflower":1,"minecraft:dirt":13,"minecraft:bone":2,"minecraft:spruce_planks":16,"minecraft:beef":1,"minecraft:iron_sword":1,"minecraft:acacia_sapling":8,"minecraft:oak_planks":3,"minecraft:raw_iron":3,"minecraft:stick":3,"minecraft:torch":1,"minecraft:acacia_log":38,"minecraft:porkchop":6,"minecraft:stripped_spruce_log":2,"minecraft:arrow":1,"minecraft:rotten_flesh":2,"minecraft:dark_oak_wood":3,"minecraft:mutton":4,"minecraft:coal":35,"minecraft:white_wool":3,"minecraft:cobblestone":95}},"DataVersion":3465}