{"stats":{"minecraft:custom":{"minecraft:jump":113,"minecraft:time_since_rest":14025,"minecraft:deaths":1,"minecraft:walk_on_water_one_cm":28,"minecraft:crouch_one_cm":8364,"minecraft:leave_game":3,"minecraft:play_time":30730,"minecraft:sprint_one_cm":10259,"minecraft:damage_taken":395,"minecraft:time_since_death":14002,"minecraft:walk_one_cm":7170,"minecraft:sneak_time":3946,"minecraft:total_world_time":147020,"minecraft:walk_under_water_one_cm":1890,"minecraft:fall_one_cm":5790,"minecraft:fly_one_cm":145713,"minecraft:horse_one_cm":4627}},"DataVersion":3465}