{"stats":{"minecraft:mined":{"minecraft:coal_ore":1,"minecraft:grass_block":1,"minecraft:acacia_log":25,"minecraft:dirt":4,"minecraft:stone":3,"minecraft:air":5},"minecraft:custom":{"minecraft:time_since_rest":44515,"minecraft:crouch_one_cm":16093,"minecraft:sprint_one_cm":34765,"minecraft:play_time":61220,"minecraft:deaths":1,"minecraft:damage_taken":415,"minecraft:walk_one_cm":25977,"minecraft:sneak_time":6483,"minecraft:walk_under_water_one_cm":1890,"minecraft:drop":3,"minecraft:jump":199,"minecraft:leave_game":4,"minecraft:walk_on_water_one_cm":28,"minecraft:time_since_death":44492,"minecraft:total_world_time":177510,"minecraft:interact_with_crafting_table":5,"minecraft:fly_one_cm":186241,"minecraft:fall_one_cm":7791,"minecraft:horse_one_cm":4627},"minecraft:used":{"minecraft:stone_axe":29,"minecraft:torch":1,"minecraft:crafting_table":1,"minecraft:lantern":4,"twilightforest:time_log_core":3,"minecraft:brick_stairs":26,"minecraft:wooden_pickaxe":4,"minecraft:stone":57,"twilightforest:sorting_log_core":1},"minecraft:crafted":{"minecraft:acacia_planks":16,"minecraft:torch":4,"minecraft:stone_axe":1,"minecraft:crafting_table":1,"minecraft:stick":8,"minecraft:stone_pickaxe":1,"minecraft:wooden_pickaxe":1},"minecraft:dropped":{"minecraft:gravel":1,"minecraft:brick_wall":1,"minecraft:brick_slab":1},"minecraft:picked_up":{"minecraft:acacia_log":33,"minecraft:coal":1,"minecraft:dirt":5,"minecraft:cobblestone":20}},"DataVersion":3465}