{"stats":{"minecraft:dropped":{"minecraft:gravel":1,"minecraft:brick_wall":1,"minecraft:cooked_porkchop":3,"minecraft:cobblestone":1,"minecraft:gunpowder":1,"aether:iron_gloves":1,"minecraft:andesite":1,"minecraft:brick_slab":1,"minecraft:acacia_planks":64},"minecraft:custom":{"minecraft:interact_with_furnace":17,"minecraft:mob_kills":16,"minecraft:interact_with_crafting_table":12,"minecraft:leave_game":22,"minecraft:time_since_death":5391,"minecraft:sleep_in_bed":3,"minecraft:climb_one_cm":2176,"minecraft:time_since_rest":5417,"minecraft:sprint_one_cm":283258,"minecraft:damage_taken":4143,"minecraft:walk_one_cm":139864,"minecraft:damage_blocked_by_shield":255,"minecraft:drop":11,"minecraft:damage_dealt":2391,"minecraft:swim_one_cm":14220,"minecraft:fly_one_cm":620846,"minecraft:player_kills":1,"minecraft:open_chest":2,"minecraft:crouch_one_cm":35678,"minecraft:play_time":132527,"minecraft:deaths":8,"minecraft:sneak_time":14718,"minecraft:walk_under_water_one_cm":4352,"minecraft:jump":1613,"minecraft:walk_on_water_one_cm":5296,"minecraft:total_world_time":248817,"minecraft:fall_one_cm":50972,"minecraft:horse_one_cm":4627},"minecraft:killed_by":{"minecraft:player":3},"minecraft:mined":{"minecraft:large_amethyst_bud":2,"minecraft:spruce_planks":18,"minecraft:white_bed":3,"minecraft:crafting_table":5,"minecraft:cornflower":1,"minecraft:dark_oak_wood":3,"minecraft:acacia_log":30,"minecraft:oak_wood":2,"minecraft:grass_block":1,"minecraft:jungle_planks":1,"minecraft:cobblestone":3,"minecraft:deepslate_gold_ore":2,"minecraft:oak_planks":5,"minecraft:wall_torch":1,"minecraft:air":5,"minecraft:hay_block":2,"minecraft:birch_planks":2,"minecraft:coarse_dirt":1,"minecraft:raw_gold_block":3,"minecraft:fire":4,"minecraft:iron_ore":42,"minecraft:acacia_wood":1,"minecraft:andesite":8,"minecraft:stripped_spruce_log":2,"minecraft:coal_ore":31,"minecraft:dirt":14,"minecraft:cobweb":3,"minecraft:stone":17,"minecraft:gold_ore":2,"minecraft:deepslate":3},"minecraft:killed":{"minecraft:pig":4,"minecraft:zombie_villager":1,"cataclysm:the_watcher":1,"minecraft:skeleton":2,"minecraft:sheep":3,"minecraft:zombie":3,"minecraft:cow":2},"minecraft:used":{"minecraft:cooked_mutton":4,"minecraft:water_bucket":4,"minecraft:stone_pickaxe":82,"minecraft:oak_planks":8,"minecraft:stone":57,"minecraft:spruce_planks":24,"minecraft:wooden_pickaxe":4,"minecraft:iron_sword":33,"minecraft:shield":4,"easy_hammers:stone_hammer":30,"twilightforest:sorting_log_core":1,"minecraft:rotten_flesh":2,"simpletomb:grave_key":6,"minecraft:torch":66,"minecraft:dirt":13,"minecraft:crafting_table":6,"minecraft:white_bed":4,"minecraft:lava_bucket":1,"minecraft:iron_pickaxe":7,"minecraft:lantern":4,"minecraft:bread":3,"minecraft:brick_stairs":26,"minecraft:stone_axe":91,"minecraft:cobblestone":57,"minecraft:furnace":3,"twilightforest:time_log_core":3,"minecraft:cooked_porkchop":1,"minecraft:andesite":24,"minecraft:bucket":7,"minecraft:cooked_beef":5},"minecraft:crafted":{"minecraft:oak_planks":8,"minecraft:cooked_porkchop":2,"minecraft:crafting_table":1,"minecraft:spruce_planks":8,"minecraft:wooden_pickaxe":1,"minecraft:furnace":3,"easy_hammers:stone_hammer":1,"minecraft:bucket":2,"minecraft:stone_axe":1,"minecraft:bread":6,"minecraft:cooked_mutton":4,"minecraft:air":0,"minecraft:shield":1,"minecraft:raw_gold":27,"minecraft:iron_axe":1,"minecraft:stick":44,"minecraft:iron_ingot":18,"minecraft:iron_pickaxe":1,"minecraft:stone_pickaxe":1,"minecraft:white_bed":1,"minecraft:acacia_planks":156,"minecraft:dark_oak_planks":12,"minecraft:torch":124,"minecraft:wheat":18},"minecraft:picked_up":{"minecraft:crafting_table":5,"minecraft:coarse_dirt":1,"minecraft:cooked_beef":5,"minecraft:andesite":93,"minecraft:leather":3,"minecraft:acacia_wood":1,"minecraft:birch_planks":1,"minecraft:gunpowder":2,"minecraft:dirt":13,"minecraft:cornflower":1,"minecraft:string":2,"minecraft:iron_leggings":1,"minecraft:bone":4,"minecraft:acacia_planks":64,"minecraft:cobbled_deepslate":6,"minecraft:raw_gold":4,"minecraft:spruce_planks":17,"minecraft:iron_ingot":3,"minecraft:beef":2,"minecraft:acacia_sapling":8,"minecraft:oak_planks":3,"minecraft:iron_sword":1,"minecraft:scaffolding":1,"minecraft:stick":3,"minecraft:raw_iron":78,"minecraft:raw_gold_block":3,"minecraft:cooked_porkchop":2,"minecraft:torch":2,"minecraft:acacia_log":38,"minecraft:porkchop":6,"minecraft:jungle_planks":1,"minecraft:stripped_spruce_log":2,"minecraft:white_bed":3,"minecraft:oak_wood":2,"minecraft:arrow":3,"minecraft:rotten_flesh":4,"minecraft:hay_block":2,"minecraft:mutton":4,"minecraft:dark_oak_wood":3,"minecraft:coal":65,"minecraft:white_wool":3,"minecraft:rail":1,"minecraft:cobblestone":106}},"DataVersion":3465}