{"stats":{"minecraft:dropped":{"minecraft:torchflower":1,"minecraft:iron_ingot":131,"minecraft:crafting_table":1,"minecraft:cooked_porkchop":3,"minecraft:iron_helmet":1,"minecraft:cobblestone":1,"minecraft:amethyst_block":1,"minecraft:stick":2,"minecraft:iron_pickaxe":1,"minecraft:acacia_planks":68,"minecraft:redstone":2,"minecraft:gravel":1,"minecraft:brick_wall":1,"minecraft:rotten_flesh":2,"minecraft:flower_pot":1,"minecraft:gunpowder":1,"aether:iron_gloves":1,"minecraft:iron_chestplate":1,"minecraft:andesite":1,"minecraft:brick_slab":1},"minecraft:custom":{"minecraft:interact_with_anvil":1,"minecraft:mob_kills":19,"minecraft:interact_with_crafting_table":20,"minecraft:open_barrel":9,"minecraft:bell_ring":9,"minecraft:leave_game":23,"minecraft:time_since_death":1294,"minecraft:climb_one_cm":3365,"minecraft:sprint_one_cm":358778,"minecraft:walk_one_cm":205677,"minecraft:damage_blocked_by_shield":255,"minecraft:drop":25,"minecraft:play_time":156247,"minecraft:deaths":10,"minecraft:sneak_time":17743,"minecraft:walk_under_water_one_cm":4352,"minecraft:jump":1884,"minecraft:interact_with_blast_furnace":2,"minecraft:walk_on_water_one_cm":5540,"minecraft:total_world_time":272537,"minecraft:interact_with_furnace":45,"minecraft:interact_with_stonecutter":1,"minecraft:sleep_in_bed":3,"minecraft:time_since_rest":1321,"minecraft:damage_taken":4999,"minecraft:damage_dealt":3671,"minecraft:swim_one_cm":14220,"minecraft:player_kills":1,"minecraft:fly_one_cm":662366,"minecraft:open_chest":8,"minecraft:crouch_one_cm":42927,"minecraft:fall_one_cm":59003,"minecraft:horse_one_cm":4627},"minecraft:killed_by":{"minecraft:player":3},"minecraft:mined":{"minecraft:large_amethyst_bud":2,"minecraft:crying_obsidian":3,"minecraft:spruce_planks":18,"minecraft:white_bed":3,"minecraft:brewing_stand":6,"minecraft:acacia_log":30,"minecraft:grass_block":1,"minecraft:decorated_pot":2,"minecraft:jungle_planks":1,"minecraft:coal_block":2,"minecraft:deepslate_bricks":5,"minecraft:hay_block":2,"minecraft:raw_iron_block":1,"minecraft:furnace":3,"minecraft:raw_gold_block":4,"minecraft:polished_basalt":1,"minecraft:iron_ore":45,"minecraft:fire":12,"minecraft:potted_torchflower":1,"minecraft:acacia_wood":1,"minecraft:andesite":13,"minecraft:stripped_spruce_log":2,"minecraft:diamond_block":1,"minecraft:anvil":1,"minecraft:potted_cherry_sapling":1,"minecraft:pointed_dripstone":4,"minecraft:deepslate_iron_ore":3,"minecraft:iron_bars":1,"minecraft:deepslate_brick_stairs":7,"minecraft:stone":17,"minecraft:scaffolding":1,"minecraft:piglin_head":1,"minecraft:crafting_table":7,"minecraft:cornflower":1,"minecraft:dark_oak_wood":3,"minecraft:blast_furnace":7,"minecraft:oak_wood":2,"minecraft:sponge":4,"minecraft:chest":2,"minecraft:glass":1,"minecraft:cobblestone":3,"minecraft:deepslate_coal_ore":1,"minecraft:dried_kelp_block":1,"minecraft:deepslate_gold_ore":3,"minecraft:oak_planks":5,"minecraft:wall_torch":1,"minecraft:amethyst_block":3,"minecraft:air":5,"minecraft:birch_planks":2,"minecraft:coarse_dirt":1,"minecraft:polished_blackstone_stairs":1,"minecraft:coal_ore":32,"minecraft:dirt":14,"minecraft:lodestone":6,"minecraft:cobweb":3,"minecraft:wither_skeleton_skull":2,"minecraft:polished_blackstone":1,"minecraft:ancient_debris":4,"minecraft:gold_ore":2,"minecraft:deepslate":3},"minecraft:killed":{"minecraft:skeleton":2,"minecraft:pig":4,"minecraft:zombie_villager":1,"cataclysm:the_watcher":4,"minecraft:sheep":3,"minecraft:zombie":3,"minecraft:cow":2},"minecraft:used":{"minecraft:dried_kelp":9,"minecraft:spruce_planks":24,"minecraft:shield":4,"minecraft:stone":57,"easy_hammers:stone_hammer":30,"minecraft:iron_sword":62,"twilightforest:sorting_log_core":1,"minecraft:rotten_flesh":2,"simpletomb:grave_key":9,"minecraft:torch":66,"minecraft:dirt":13,"minecraft:lava_bucket":4,"minecraft:lantern":4,"minecraft:iron_axe":4,"minecraft:brick_stairs":26,"twilightforest:time_log_core":3,"minecraft:furnace":3,"minecraft:cooked_beef":5,"minecraft:pointed_dripstone":1,"minecraft:cooked_mutton":4,"minecraft:water_bucket":10,"minecraft:stone_pickaxe":82,"minecraft:oak_planks":8,"minecraft:wooden_pickaxe":4,"minecraft:crafting_table":7,"minecraft:white_bed":4,"minecraft:diamond_pickaxe":27,"minecraft:bread":7,"minecraft:iron_pickaxe":68,"minecraft:stone_axe":92,"minecraft:cobblestone":57,"minecraft:cooked_porkchop":1,"minecraft:andesite":84,"minecraft:bucket":16},"minecraft:crafted":{"minecraft:oak_planks":8,"minecraft:raw_iron":9,"minecraft:coal":18,"minecraft:furnace":3,"easy_hammers:stone_hammer":1,"minecraft:cooked_mutton":4,"minecraft:diamond":9,"minecraft:iron_boots":1,"minecraft:iron_axe":1,"minecraft:stone_pickaxe":1,"minecraft:dark_oak_planks":12,"minecraft:wheat":18,"minecraft:cooked_porkchop":2,"minecraft:crafting_table":2,"minecraft:spruce_planks":8,"minecraft:iron_helmet":2,"minecraft:dried_kelp":9,"minecraft:wooden_pickaxe":1,"minecraft:bucket":2,"minecraft:stone_axe":1,"minecraft:bread":6,"minecraft:air":0,"minecraft:iron_chestplate":2,"minecraft:diamond_pickaxe":1,"minecraft:shield":1,"minecraft:raw_gold":36,"minecraft:stick":44,"minecraft:iron_ingot":41,"minecraft:iron_pickaxe":1,"minecraft:gold_ingot":5,"minecraft:white_bed":1,"minecraft:acacia_planks":156,"minecraft:torch":124},"minecraft:picked_up":{"minecraft:crafting_table":8,"minecraft:coarse_dirt":1,"minecraft:flower_pot":2,"minecraft:anvil":1,"minecraft:brewing_stand":6,"minecraft:amethyst_block":1,"minecraft:cornflower":1,"minecraft:string":2,"minecraft:iron_leggings":1,"minecraft:cobbled_deepslate":6,"minecraft:spruce_planks":17,"minecraft:beef":2,"minecraft:coal_block":2,"minecraft:chest":2,"minecraft:stick":3,"minecraft:raw_iron":84,"minecraft:polished_blackstone_stairs":1,"minecraft:raw_gold_block":4,"minecraft:torch":2,"minecraft:acacia_log":38,"minecraft:porkchop":6,"minecraft:pointed_dripstone":7,"minecraft:redstone":8,"minecraft:arrow":3,"minecraft:rotten_flesh":4,"minecraft:deepslate_bricks":2,"minecraft:hay_block":2,"minecraft:gold_ingot":1,"minecraft:polished_blackstone":1,"minecraft:deepslate_brick_stairs":7,"minecraft:mutton":4,"minecraft:cobblestone":106,"minecraft:rail":1,"minecraft:white_wool":3,"minecraft:sponge":4,"minecraft:cooked_beef":5,"minecraft:andesite":103,"minecraft:leather":3,"minecraft:acacia_wood":1,"minecraft:birch_planks":1,"minecraft:torchflower":2,"minecraft:ancient_debris":4,"minecraft:gunpowder":2,"minecraft:wither_skeleton_skull":2,"minecraft:dirt":13,"minecraft:piglin_head":1,"minecraft:bone":4,"minecraft:acacia_planks":64,"minecraft:raw_gold":5,"minecraft:iron_ingot":192,"minecraft:acacia_sapling":8,"minecraft:iron_sword":1,"minecraft:oak_planks":3,"minecraft:scaffolding":1,"minecraft:cooked_porkchop":2,"minecraft:raw_iron_block":1,"minecraft:jungle_planks":1,"minecraft:stripped_spruce_log":2,"minecraft:blast_furnace":7,"minecraft:white_bed":4,"minecraft:diamond_block":1,"minecraft:oak_wood":2,"minecraft:dried_kelp_block":1,"minecraft:cherry_sapling":1,"minecraft:lodestone":6,"minecraft:dark_oak_wood":3,"minecraft:coal":91}},"DataVersion":3465}