{"stats":{"minecraft:dropped":{"minecraft:diamond":9,"minecraft:crafting_table":1,"minecraft:cooked_porkchop":3,"minecraft:iron_pickaxe":1,"minecraft:gravel":1,"minecraft:spyglass":1,"minecraft:cobbled_deepslate":4,"minecraft:rotten_flesh":2,"minecraft:gunpowder":1,"minecraft:iron_ingot":131,"minecraft:water_bucket":1,"minecraft:torchflower":1,"minecraft:bread":24,"immersive_aircraft:enhanced_propeller":1,"minecraft:cobblestone":1,"minecraft:iron_helmet":1,"minecraft:amethyst_block":1,"minecraft:stick":2,"minecraft:acacia_planks":68,"minecraft:redstone":2,"minecraft:brick_wall":1,"minecraft:flower_pot":1,"twilightforest:lifedrain_scepter":1,"aether:iron_gloves":1,"minecraft:iron_chestplate":1,"minecraft:andesite":1,"immersive_aircraft:steel_boiler":1,"minecraft:brick_slab":1},"minecraft:custom":{"minecraft:interact_with_crafting_table":83,"minecraft:open_barrel":23,"goblintraders:trade_with_goblin":3,"minecraft:bell_ring":9,"minecraft:leave_game":25,"minecraft:time_since_death":10249,"minecraft:sprint_one_cm":867951,"minecraft:damage_blocked_by_shield":495,"minecraft:drop":33,"minecraft:talked_to_villager":1,"minecraft:play_time":369396,"minecraft:deaths":45,"minecraft:jump":5486,"minecraft:walk_on_water_one_cm":65354,"minecraft:interact_with_furnace":47,"minecraft:sleep_in_bed":14,"minecraft:damage_dealt":12237,"minecraft:player_kills":5,"minecraft:crouch_one_cm":79187,"minecraft:horse_one_cm":4627,"minecraft:mob_kills":49,"minecraft:interact_with_anvil":2,"minecraft:climb_one_cm":3978,"minecraft:walk_one_cm":549969,"minecraft:sneak_time":35382,"twilightforest:tf_shields_broken":12,"minecraft:walk_under_water_one_cm":41341,"minecraft:boat_one_cm":22730,"minecraft:interact_with_blast_furnace":9,"minecraft:total_world_time":485686,"minecraft:interact_with_stonecutter":1,"minecraft:time_since_rest":4928,"minecraft:damage_taken":19638,"minecraft:swim_one_cm":60355,"minecraft:fly_one_cm":1272245,"minecraft:open_chest":23,"minecraft:fall_one_cm":154074},"minecraft:killed_by":{"minecraft:player":10},"minecraft:mined":{"minecraft:large_amethyst_bud":2,"minecraft:spruce_planks":18,"minecraft:white_bed":17,"minecraft:brewing_stand":7,"minecraft:granite":1,"minecraft:acacia_log":30,"minecraft:grass_block":3,"minecraft:coal_block":2,"minecraft:deepslate_bricks":5,"minecraft:spawner":3,"minecraft:raw_iron_block":2,"minecraft:fire":14,"minecraft:iron_ore":48,"minecraft:cobbled_deepslate":25,"minecraft:deepslate_lapis_ore":7,"minecraft:anvil":1,"minecraft:sculk_shrieker":2,"minecraft:pointed_dripstone":4,"minecraft:oak_stairs":1,"minecraft:iron_bars":7,"minecraft:deepslate_brick_stairs":7,"minecraft:tripwire":3,"minecraft:deepslate_redstone_ore":4,"minecraft:soul_fire":6,"minecraft:piglin_head":1,"minecraft:torch":7,"minecraft:dark_oak_wood":3,"minecraft:blast_furnace":8,"minecraft:calcite":1,"minecraft:chest":2,"minecraft:glass":2,"minecraft:cobblestone":33,"minecraft:oak_planks":5,"minecraft:sugar_cane":4,"minecraft:wall_torch":3,"minecraft:amethyst_block":4,"minecraft:pink_petals":2,"minecraft:blue_ice":7,"minecraft:grass":16,"minecraft:oak_log":36,"minecraft:dirt":17,"minecraft:smooth_basalt":1,"minecraft:wither_skeleton_skull":2,"minecraft:ancient_debris":4,"minecraft:deepslate":200,"minecraft:crying_obsidian":3,"minecraft:tuff":11,"minecraft:mossy_cobblestone":1,"minecraft:deepslate_diamond_ore":22,"enchantinginfuser:enchanting_infuser":1,"minecraft:decorated_pot":2,"minecraft:jungle_planks":1,"twilightforest:nagastone_head":1,"minecraft:hay_block":43,"minecraft:furnace":3,"minecraft:acacia_trapdoor":1,"minecraft:raw_gold_block":4,"minecraft:polished_basalt":1,"minecraft:potted_torchflower":1,"minecraft:acacia_wood":1,"minecraft:andesite":18,"minecraft:diamond_block":1,"minecraft:stripped_spruce_log":2,"minecraft:potted_cherry_sapling":1,"minecraft:deepslate_iron_ore":6,"minecraft:bamboo":10,"minecraft:stone":23,"minecraft:scaffolding":1,"minecraft:infested_stone_bricks":1,"minecraft:oak_fence":7,"minecraft:crafting_table":28,"minecraft:cornflower":6,"minecraft:oak_wood":2,"minecraft:sponge":4,"minecraft:copper_ore":5,"minecraft:tall_grass":3,"twilightforest:nagastone":2,"minecraft:deepslate_coal_ore":1,"minecraft:dried_kelp_block":1,"minecraft:deepslate_gold_ore":3,"twilightforest:mayapple":1,"minecraft:air":9,"minecraft:birch_planks":2,"minecraft:coarse_dirt":1,"minecraft:polished_blackstone_stairs":1,"minecraft:coal_ore":43,"minecraft:gravel":1,"minecraft:cobweb":21,"minecraft:lodestone":6,"minecraft:cracked_stone_bricks":10,"minecraft:polished_blackstone":1,"minecraft:stone_bricks":23,"minecraft:mossy_stone_bricks":9,"minecraft:gold_ore":2},"minecraft:killed":{"minecraft:cave_spider":5,"twilightforest:lich_minion":3,"minecraft:skeleton":9,"twilightforest:lich":1,"twilightforest:minotaur":2,"minecraft:pig":4,"minecraft:zombie_villager":1,"minecraft:sheep":4,"minecraft:zombie":9,"minecraft:cow":2,"twilightforest:naga":1,"twilightforest:death_tome":1,"mowziesmobs:grottol":1,"cataclysm:the_watcher":5},"minecraft:used":{"minecraft:shield":8,"minecraft:stone":57,"minecraft:iron_sword":305,"minecraft:rotten_flesh":2,"minecraft:mutton":1,"minecraft:tuff":1,"minecraft:lava_bucket":35,"minecraft:lantern":4,"minecraft:furnace":3,"minecraft:oak_sapling":15,"immersive_aircraft:biplane":9,"minecraft:acacia_trapdoor":3,"minecraft:stone_pickaxe":82,"minecraft:oak_planks":8,"minecraft:wooden_pickaxe":4,"minecraft:blast_furnace":1,"minecraft:bread":79,"minecraft:andesite":90,"minecraft:bone_meal":4,"minecraft:oak_fence":4,"minecraft:dried_kelp":9,"minecraft:spruce_planks":24,"easy_hammers:stone_hammer":30,"twilightforest:sorting_log_core":1,"travelersbackpack:bat":30,"simpletomb:grave_key":44,"minecraft:torch":189,"minecraft:dirt":17,"minecraft:spyglass":4,"minecraft:iron_hoe":15,"minecraft:iron_axe":111,"minecraft:brick_stairs":26,"twilightforest:time_log_core":3,"minecraft:cooked_beef":5,"minecraft:acacia_planks":48,"minecraft:cobbled_deepslate":446,"minecraft:pointed_dripstone":1,"minecraft:calcite":1,"minecraft:cooked_mutton":6,"minecraft:acacia_boat":1,"minecraft:water_bucket":66,"twilightforest:naga_chestplate":1,"minecraft:crafting_table":28,"minecraft:white_bed":21,"minecraft:painting":2,"minecraft:diamond_pickaxe":440,"minecraft:cornflower":2,"minecraft:iron_pickaxe":68,"minecraft:stone_axe":92,"enchantinginfuser:enchanting_infuser":1,"minecraft:cobblestone":105,"minecraft:cobbled_deepslate_slab":6,"minecraft:cooked_porkchop":1,"minecraft:bucket":102},"minecraft:crafted":{"immersive_aircraft:engine":2,"minecraft:oak_planks":36,"minecraft:cooked_mutton":4,"minecraft:diamond_helmet":1,"minecraft:iron_boots":1,"immersive_aircraft:hull":6,"immersive_aircraft:steel_boiler":2,"minecraft:cooked_porkchop":2,"enchantinginfuser:enchanting_infuser":1,"minecraft:crafting_table":3,"minecraft:spruce_planks":8,"minecraft:wooden_pickaxe":1,"minecraft:iron_helmet":3,"minecraft:copper_ingot":64,"immersive_aircraft:propeller":4,"minecraft:iron_chestplate":2,"minecraft:diamond_pickaxe":1,"minecraft:shield":1,"minecraft:stick":112,"minecraft:iron_ingot":47,"minecraft:iron_pickaxe":1,"minecraft:gold_ingot":5,"minecraft:shears":1,"minecraft:cobbled_deepslate_slab":6,"minecraft:raw_iron":9,"minecraft:coal":18,"minecraft:spyglass":1,"minecraft:piston":4,"minecraft:furnace":7,"immersive_aircraft:biplane":2,"easy_hammers:stone_hammer":2,"minecraft:bone_meal":24,"minecraft:diamond":9,"minecraft:iron_axe":1,"minecraft:iron_hoe":1,"minecraft:stone_pickaxe":1,"minecraft:diamond_boots":1,"minecraft:dark_oak_planks":12,"minecraft:wheat":387,"immersive_aircraft:enhanced_propeller":2,"immersive_aircraft:boiler":4,"minecraft:enchanting_table":1,"minecraft:dried_kelp":9,"minecraft:iron_sword":1,"minecraft:acacia_trapdoor":2,"minecraft:bucket":3,"minecraft:stone_axe":1,"minecraft:bread":129,"minecraft:acacia_boat":1,"minecraft:air":0,"twilightforest:naga_chestplate":1,"minecraft:raw_gold":36,"minecraft:white_bed":2,"minecraft:acacia_planks":156,"minecraft:torch":264},"minecraft:picked_up":{"minecraft:anvil":1,"minecraft:flower_pot":2,"minecraft:brewing_stand":7,"minecraft:amethyst_block":1,"twilightforest:cut_mazestone":6,"minecraft:string":18,"minecraft:raw_copper":64,"minecraft:iron_leggings":1,"minecraft:cobbled_deepslate":495,"minecraft:spruce_planks":17,"minecraft:calcite":1,"minecraft:coal_block":2,"minecraft:stick":8,"minecraft:polished_blackstone_stairs":1,"minecraft:oak_fence":8,"minecraft:acacia_log":38,"minecraft:torch":15,"twilightforest:cracked_etched_nagastone":3,"minecraft:porkchop":6,"minecraft:pointed_dripstone":7,"minecraft:rotten_flesh":8,"minecraft:deepslate_brick_stairs":7,"minecraft:obsidian":25,"minecraft:iron_bars":9,"minecraft:cobblestone":220,"minecraft:sponge":4,"minecraft:pink_petals":5,"minecraft:cooked_beef":21,"minecraft:andesite":107,"minecraft:brown_wool":1,"minecraft:tuff":10,"minecraft:wither_skeleton_skull":2,"minecraft:acacia_boat":1,"minecraft:lapis_lazuli":48,"minecraft:dirt":32,"minecraft:bone":11,"minecraft:acacia_planks":64,"minecraft:wheat_seeds":6,"minecraft:raw_gold":5,"minecraft:mossy_stone_bricks":8,"minecraft:bamboo":64,"minecraft:oak_planks":19,"minecraft:cooked_porkchop":2,"minecraft:jungle_planks":1,"minecraft:stripped_spruce_log":2,"minecraft:diamond_block":1,"twilightforest:mossy_etched_nagastone":3,"minecraft:polished_andesite":2,"twilightforest:twilight_oak_sapling":1,"minecraft:diamond":22,"enchantinginfuser:enchanting_infuser":1,"minecraft:oak_sapling":17,"minecraft:diamond_pickaxe":1,"minecraft:coarse_dirt":1,"minecraft:crafting_table":28,"twilightforest:nagastone":2,"minecraft:cornflower":3,"immersive_aircraft:biplane":8,"minecraft:cracked_stone_bricks":13,"twilightforest:nagastone_head":1,"minecraft:beef":2,"easy_hammers:stone_hammer":1,"minecraft:sugar_cane":9,"minecraft:chest":2,"minecraft:raw_iron":93,"minecraft:raw_gold_block":4,"minecraft:redstone":28,"minecraft:arrow":10,"twilightforest:etched_nagastone":1,"minecraft:deepslate_bricks":2,"minecraft:hay_block":43,"minecraft:gold_ingot":1,"minecraft:polished_blackstone":1,"minecraft:mutton":5,"minecraft:white_wool":8,"minecraft:rail":1,"minecraft:leather":3,"minecraft:acacia_wood":1,"minecraft:birch_planks":1,"minecraft:torchflower":2,"minecraft:oak_log":43,"minecraft:ancient_debris":4,"minecraft:gunpowder":2,"minecraft:paper":23,"minecraft:piglin_head":1,"minecraft:cooked_mutton":2,"minecraft:apple":2,"minecraft:stone_bricks":24,"minecraft:acacia_trapdoor":1,"minecraft:iron_ingot":242,"minecraft:iron_sword":3,"minecraft:acacia_sapling":8,"minecraft:book":4,"minecraft:scaffolding":1,"minecraft:smooth_basalt":1,"minecraft:dandelion":1,"minecraft:raw_iron_block":1,"minecraft:blast_furnace":10,"minecraft:white_bed":19,"minecraft:oak_wood":2,"minecraft:dried_kelp_block":1,"minecraft:iron_helmet":1,"minecraft:painting":46,"minecraft:cherry_sapling":1,"minecraft:lodestone":6,"minecraft:dark_oak_wood":3,"minecraft:coal":135},"minecraft:broken":{"minecraft:iron_leggings":1}},"DataVersion":3465}