{"stats":{"minecraft:dropped":{"minecraft:torchflower":1,"minecraft:cooked_porkchop":3,"minecraft:cobblestone":1,"minecraft:acacia_planks":64,"minecraft:redstone":2,"minecraft:gravel":1,"minecraft:brick_wall":1,"minecraft:rotten_flesh":2,"minecraft:flower_pot":1,"minecraft:gunpowder":1,"aether:iron_gloves":1,"minecraft:andesite":1,"minecraft:brick_slab":1},"minecraft:custom":{"minecraft:interact_with_anvil":1,"minecraft:mob_kills":18,"minecraft:interact_with_crafting_table":14,"minecraft:open_barrel":9,"minecraft:leave_game":22,"minecraft:time_since_death":2622,"minecraft:climb_one_cm":3093,"minecraft:sprint_one_cm":323559,"minecraft:walk_one_cm":179656,"minecraft:damage_blocked_by_shield":255,"minecraft:drop":15,"minecraft:play_time":144527,"minecraft:deaths":9,"minecraft:sneak_time":16705,"minecraft:walk_under_water_one_cm":4352,"minecraft:jump":1791,"minecraft:interact_with_blast_furnace":2,"minecraft:walk_on_water_one_cm":5309,"minecraft:total_world_time":260817,"minecraft:interact_with_furnace":23,"minecraft:interact_with_stonecutter":1,"minecraft:sleep_in_bed":3,"minecraft:time_since_rest":2650,"minecraft:damage_taken":4517,"minecraft:damage_dealt":2689,"minecraft:swim_one_cm":14220,"minecraft:player_kills":1,"minecraft:fly_one_cm":645954,"minecraft:open_chest":8,"minecraft:crouch_one_cm":40485,"minecraft:fall_one_cm":55963,"minecraft:horse_one_cm":4627},"minecraft:killed_by":{"minecraft:player":3},"minecraft:mined":{"minecraft:large_amethyst_bud":2,"minecraft:spruce_planks":18,"minecraft:white_bed":3,"minecraft:brewing_stand":6,"minecraft:acacia_log":30,"minecraft:grass_block":1,"minecraft:decorated_pot":2,"minecraft:jungle_planks":1,"minecraft:deepslate_bricks":3,"minecraft:coal_block":2,"minecraft:hay_block":2,"minecraft:raw_gold_block":4,"minecraft:potted_torchflower":1,"minecraft:polished_basalt":1,"minecraft:iron_ore":42,"minecraft:fire":12,"minecraft:acacia_wood":1,"minecraft:andesite":10,"minecraft:stripped_spruce_log":2,"minecraft:diamond_block":1,"minecraft:anvil":1,"minecraft:potted_cherry_sapling":1,"minecraft:pointed_dripstone":4,"minecraft:deepslate_brick_stairs":7,"minecraft:stone":17,"minecraft:piglin_head":1,"minecraft:crafting_table":6,"minecraft:cornflower":1,"minecraft:dark_oak_wood":3,"minecraft:blast_furnace":1,"minecraft:oak_wood":2,"minecraft:chest":2,"minecraft:cobblestone":3,"minecraft:deepslate_coal_ore":1,"minecraft:deepslate_gold_ore":3,"minecraft:oak_planks":5,"minecraft:wall_torch":1,"minecraft:air":5,"minecraft:birch_planks":2,"minecraft:coarse_dirt":1,"minecraft:polished_blackstone_stairs":1,"minecraft:coal_ore":32,"minecraft:dirt":14,"minecraft:lodestone":2,"minecraft:cobweb":3,"minecraft:wither_skeleton_skull":1,"minecraft:polished_blackstone":1,"minecraft:ancient_debris":4,"minecraft:gold_ore":2,"minecraft:deepslate":3},"minecraft:killed":{"minecraft:skeleton":2,"minecraft:pig":4,"minecraft:zombie_villager":1,"cataclysm:the_watcher":3,"minecraft:sheep":3,"minecraft:zombie":3,"minecraft:cow":2},"minecraft:used":{"minecraft:spruce_planks":24,"minecraft:shield":4,"easy_hammers:stone_hammer":30,"minecraft:stone":57,"minecraft:iron_sword":42,"twilightforest:sorting_log_core":1,"minecraft:rotten_flesh":2,"simpletomb:grave_key":8,"minecraft:torch":66,"minecraft:dirt":13,"minecraft:lava_bucket":1,"minecraft:lantern":4,"minecraft:iron_axe":4,"minecraft:brick_stairs":26,"minecraft:furnace":3,"twilightforest:time_log_core":3,"minecraft:cooked_beef":5,"minecraft:pointed_dripstone":1,"minecraft:cooked_mutton":4,"minecraft:water_bucket":7,"minecraft:stone_pickaxe":82,"minecraft:oak_planks":8,"minecraft:wooden_pickaxe":4,"minecraft:crafting_table":7,"minecraft:white_bed":4,"minecraft:diamond_pickaxe":4,"minecraft:bread":3,"minecraft:iron_pickaxe":52,"minecraft:stone_axe":91,"minecraft:cobblestone":57,"minecraft:cooked_porkchop":1,"minecraft:bucket":9,"minecraft:andesite":67},"minecraft:crafted":{"minecraft:oak_planks":8,"minecraft:coal":18,"minecraft:furnace":3,"easy_hammers:stone_hammer":1,"minecraft:cooked_mutton":4,"minecraft:diamond":9,"minecraft:iron_axe":1,"minecraft:stone_pickaxe":1,"minecraft:dark_oak_planks":12,"minecraft:wheat":18,"minecraft:cooked_porkchop":2,"minecraft:crafting_table":2,"minecraft:spruce_planks":8,"minecraft:wooden_pickaxe":1,"minecraft:bucket":2,"minecraft:stone_axe":1,"minecraft:bread":6,"minecraft:air":0,"minecraft:diamond_pickaxe":1,"minecraft:shield":1,"minecraft:raw_gold":36,"minecraft:stick":44,"minecraft:iron_ingot":30,"minecraft:iron_pickaxe":1,"minecraft:white_bed":1,"minecraft:acacia_planks":156,"minecraft:torch":124},"minecraft:picked_up":{"minecraft:coarse_dirt":1,"minecraft:crafting_table":6,"minecraft:anvil":1,"minecraft:flower_pot":2,"minecraft:brewing_stand":6,"minecraft:cornflower":1,"minecraft:string":2,"minecraft:iron_leggings":1,"minecraft:cobbled_deepslate":6,"minecraft:spruce_planks":17,"minecraft:beef":2,"minecraft:coal_block":2,"minecraft:chest":2,"minecraft:raw_iron":78,"minecraft:stick":3,"minecraft:polished_blackstone_stairs":1,"minecraft:raw_gold_block":4,"minecraft:acacia_log":38,"minecraft:torch":2,"minecraft:porkchop":6,"minecraft:pointed_dripstone":7,"minecraft:redstone":2,"minecraft:arrow":3,"minecraft:rotten_flesh":4,"minecraft:deepslate_bricks":2,"minecraft:hay_block":2,"minecraft:polished_blackstone":1,"minecraft:deepslate_brick_stairs":7,"minecraft:mutton":4,"minecraft:cobblestone":106,"minecraft:rail":1,"minecraft:white_wool":3,"minecraft:cooked_beef":5,"minecraft:andesite":100,"minecraft:leather":3,"minecraft:acacia_wood":1,"minecraft:torchflower":2,"minecraft:birch_planks":1,"minecraft:ancient_debris":4,"minecraft:gunpowder":2,"minecraft:wither_skeleton_skull":1,"minecraft:dirt":13,"minecraft:piglin_head":1,"minecraft:bone":4,"minecraft:acacia_planks":64,"minecraft:raw_gold":5,"minecraft:iron_ingot":9,"minecraft:iron_sword":1,"minecraft:oak_planks":3,"minecraft:acacia_sapling":8,"minecraft:scaffolding":1,"minecraft:cooked_porkchop":2,"minecraft:jungle_planks":1,"minecraft:stripped_spruce_log":2,"minecraft:blast_furnace":1,"minecraft:white_bed":3,"minecraft:diamond_block":1,"minecraft:oak_wood":2,"minecraft:cherry_sapling":1,"minecraft:lodestone":2,"minecraft:coal":67,"minecraft:dark_oak_wood":3}},"DataVersion":3465}