{"stats":{"minecraft:mined":{"minecraft:large_amethyst_bud":2,"minecraft:spruce_planks":17,"minecraft:cornflower":1,"minecraft:crafting_table":3,"minecraft:dark_oak_wood":3,"minecraft:acacia_log":30,"minecraft:grass_block":1,"minecraft:cobblestone":2,"minecraft:oak_planks":5,"minecraft:wall_torch":1,"minecraft:air":5,"minecraft:birch_planks":1,"minecraft:iron_ore":3,"minecraft:acacia_wood":1,"minecraft:andesite":2,"minecraft:stripped_spruce_log":2,"minecraft:coal_ore":14,"minecraft:dirt":14,"minecraft:stone":16},"minecraft:killed":{"minecraft:pig":4,"minecraft:zombie_villager":1,"minecraft:sheep":3,"minecraft:skeleton":1,"minecraft:cow":1},"minecraft:used":{"minecraft:stone_pickaxe":38,"minecraft:wooden_pickaxe":4,"easy_hammers:stone_hammer":3,"minecraft:stone":57,"twilightforest:sorting_log_core":1,"minecraft:rotten_flesh":2,"minecraft:torch":8,"minecraft:dirt":13,"minecraft:crafting_table":3,"minecraft:lantern":4,"minecraft:brick_stairs":26,"minecraft:stone_axe":84,"minecraft:cobblestone":42,"twilightforest:time_log_core":3,"minecraft:cooked_beef":1},"minecraft:custom":{"minecraft:interact_with_furnace":1,"minecraft:mob_kills":10,"minecraft:interact_with_crafting_table":7,"minecraft:leave_game":8,"minecraft:time_since_death":1668,"minecraft:time_since_rest":1709,"minecraft:sprint_one_cm":72300,"minecraft:damage_taken":825,"minecraft:walk_one_cm":43512,"minecraft:drop":3,"minecraft:damage_dealt":1140,"minecraft:swim_one_cm":6909,"minecraft:fly_one_cm":256373,"minecraft:open_chest":2,"minecraft:crouch_one_cm":25794,"minecraft:play_time":76487,"minecraft:deaths":2,"minecraft:sneak_time":10990,"minecraft:walk_under_water_one_cm":2034,"minecraft:jump":456,"minecraft:walk_on_water_one_cm":1891,"minecraft:total_world_time":192777,"minecraft:fall_one_cm":15642,"minecraft:horse_one_cm":4627},"minecraft:crafted":{"minecraft:crafting_table":1,"minecraft:spruce_planks":8,"minecraft:wooden_pickaxe":1,"easy_hammers:stone_hammer":1,"minecraft:stone_axe":1,"minecraft:stick":12,"minecraft:stone_pickaxe":1,"minecraft:white_bed":1,"minecraft:acacia_planks":16,"minecraft:torch":20},"minecraft:dropped":{"minecraft:gravel":1,"minecraft:brick_wall":1,"minecraft:brick_slab":1},"minecraft:picked_up":{"minecraft:crafting_table":3,"minecraft:cooked_beef":5,"minecraft:andesite":2,"minecraft:leather":2,"minecraft:acacia_wood":1,"minecraft:cornflower":1,"minecraft:dirt":13,"minecraft:spruce_planks":16,"minecraft:beef":1,"minecraft:oak_planks":3,"minecraft:acacia_sapling":8,"minecraft:raw_iron":3,"minecraft:stick":3,"minecraft:torch":1,"minecraft:acacia_log":38,"minecraft:porkchop":6,"minecraft:stripped_spruce_log":2,"minecraft:rotten_flesh":2,"minecraft:dark_oak_wood":3,"minecraft:mutton":4,"minecraft:coal":22,"minecraft:white_wool":3,"minecraft:cobblestone":79}},"DataVersion":3465}