{"stats":{"minecraft:dropped":{"minecraft:gravel":1,"minecraft:brick_wall":1,"minecraft:cobblestone":1,"aether:iron_gloves":1,"minecraft:brick_slab":1},"minecraft:custom":{"minecraft:interact_with_furnace":5,"minecraft:mob_kills":13,"minecraft:interact_with_crafting_table":9,"minecraft:leave_game":14,"minecraft:time_since_death":18891,"minecraft:sleep_in_bed":2,"minecraft:time_since_rest":16475,"minecraft:sprint_one_cm":201181,"minecraft:damage_taken":2021,"minecraft:walk_one_cm":88456,"minecraft:drop":5,"minecraft:damage_dealt":1653,"minecraft:swim_one_cm":14220,"minecraft:fly_one_cm":573260,"minecraft:open_chest":2,"minecraft:crouch_one_cm":30558,"minecraft:play_time":107386,"minecraft:deaths":4,"minecraft:sneak_time":12819,"minecraft:walk_under_water_one_cm":4352,"minecraft:jump":1235,"minecraft:walk_on_water_one_cm":5288,"minecraft:total_world_time":223676,"minecraft:fall_one_cm":40554,"minecraft:horse_one_cm":4627},"minecraft:mined":{"minecraft:large_amethyst_bud":2,"minecraft:spruce_planks":18,"minecraft:white_bed":2,"minecraft:cornflower":1,"minecraft:crafting_table":5,"minecraft:dark_oak_wood":3,"minecraft:acacia_log":30,"minecraft:oak_wood":2,"minecraft:grass_block":1,"minecraft:jungle_planks":1,"minecraft:cobblestone":3,"minecraft:oak_planks":5,"minecraft:wall_torch":1,"minecraft:air":5,"minecraft:birch_planks":2,"minecraft:coarse_dirt":1,"minecraft:iron_ore":27,"minecraft:acacia_wood":1,"minecraft:andesite":3,"minecraft:stripped_spruce_log":2,"minecraft:coal_ore":31,"minecraft:dirt":14,"minecraft:stone":17},"minecraft:killed":{"minecraft:pig":4,"minecraft:zombie_villager":1,"minecraft:sheep":3,"minecraft:skeleton":1,"minecraft:zombie":2,"minecraft:cow":2},"minecraft:used":{"minecraft:water_bucket":2,"minecraft:stone_pickaxe":64,"minecraft:oak_planks":8,"minecraft:spruce_planks":14,"minecraft:iron_sword":10,"minecraft:wooden_pickaxe":4,"easy_hammers:stone_hammer":22,"minecraft:stone":57,"twilightforest:sorting_log_core":1,"minecraft:rotten_flesh":2,"simpletomb:grave_key":2,"minecraft:torch":44,"minecraft:dirt":13,"minecraft:crafting_table":5,"minecraft:white_bed":2,"minecraft:lava_bucket":1,"minecraft:lantern":4,"minecraft:bread":3,"minecraft:brick_stairs":26,"minecraft:stone_axe":91,"minecraft:cobblestone":57,"twilightforest:time_log_core":3,"minecraft:bucket":5,"minecraft:cooked_beef":5},"minecraft:crafted":{"minecraft:oak_planks":8,"minecraft:cooked_porkchop":2,"minecraft:crafting_table":1,"minecraft:spruce_planks":8,"minecraft:wooden_pickaxe":1,"easy_hammers:stone_hammer":1,"minecraft:bucket":2,"minecraft:stone_axe":1,"minecraft:air":0,"minecraft:shield":1,"minecraft:stick":36,"minecraft:stone_pickaxe":1,"minecraft:white_bed":1,"minecraft:acacia_planks":16,"minecraft:dark_oak_planks":12,"minecraft:torch":124},"minecraft:picked_up":{"minecraft:coarse_dirt":1,"minecraft:crafting_table":5,"minecraft:cooked_beef":5,"minecraft:andesite":43,"minecraft:leather":3,"minecraft:acacia_wood":1,"minecraft:birch_planks":1,"minecraft:cornflower":1,"minecraft:dirt":13,"minecraft:bone":2,"minecraft:spruce_planks":17,"minecraft:beef":2,"minecraft:iron_sword":1,"minecraft:acacia_sapling":8,"minecraft:oak_planks":3,"minecraft:raw_iron":45,"minecraft:stick":3,"minecraft:cooked_porkchop":1,"minecraft:torch":2,"minecraft:acacia_log":38,"minecraft:porkchop":6,"minecraft:jungle_planks":1,"minecraft:stripped_spruce_log":2,"minecraft:white_bed":2,"minecraft:oak_wood":2,"minecraft:arrow":1,"minecraft:rotten_flesh":2,"minecraft:dark_oak_wood":3,"minecraft:mutton":4,"minecraft:coal":64,"minecraft:white_wool":3,"minecraft:cobblestone":105}},"DataVersion":3465}