{"stats":{"minecraft:dropped":{"minecraft:gravel":1,"minecraft:brick_wall":1,"minecraft:cooked_porkchop":3,"minecraft:cobblestone":1,"aether:iron_gloves":1,"minecraft:andesite":1,"minecraft:brick_slab":1},"minecraft:custom":{"minecraft:interact_with_furnace":6,"minecraft:mob_kills":14,"minecraft:interact_with_crafting_table":9,"minecraft:leave_game":22,"minecraft:time_since_death":924,"minecraft:sleep_in_bed":2,"minecraft:time_since_rest":953,"minecraft:sprint_one_cm":246286,"minecraft:damage_taken":2751,"minecraft:walk_one_cm":115065,"minecraft:damage_blocked_by_shield":30,"minecraft:drop":9,"minecraft:damage_dealt":1862,"minecraft:swim_one_cm":14220,"minecraft:fly_one_cm":594914,"minecraft:player_kills":1,"minecraft:open_chest":2,"minecraft:crouch_one_cm":33769,"minecraft:play_time":121754,"minecraft:deaths":5,"minecraft:sneak_time":14223,"minecraft:walk_under_water_one_cm":4352,"minecraft:jump":1446,"minecraft:walk_on_water_one_cm":5288,"minecraft:total_world_time":238044,"minecraft:fall_one_cm":46327,"minecraft:horse_one_cm":4627},"minecraft:killed_by":{"minecraft:player":1},"minecraft:mined":{"minecraft:large_amethyst_bud":2,"minecraft:spruce_planks":18,"minecraft:white_bed":2,"minecraft:crafting_table":5,"minecraft:cornflower":1,"minecraft:dark_oak_wood":3,"minecraft:acacia_log":30,"minecraft:oak_wood":2,"minecraft:grass_block":1,"minecraft:jungle_planks":1,"minecraft:cobblestone":3,"minecraft:oak_planks":5,"minecraft:wall_torch":1,"minecraft:air":5,"minecraft:birch_planks":2,"minecraft:coarse_dirt":1,"minecraft:iron_ore":40,"minecraft:acacia_wood":1,"minecraft:andesite":6,"minecraft:stripped_spruce_log":2,"minecraft:coal_ore":31,"minecraft:dirt":14,"minecraft:cobweb":1,"minecraft:stone":17,"minecraft:deepslate":3},"minecraft:killed":{"minecraft:pig":4,"minecraft:zombie_villager":1,"minecraft:skeleton":2,"minecraft:sheep":3,"minecraft:zombie":2,"minecraft:cow":2},"minecraft:used":{"minecraft:cooked_mutton":4,"minecraft:water_bucket":3,"minecraft:stone_pickaxe":76,"minecraft:oak_planks":8,"minecraft:stone":57,"minecraft:spruce_planks":24,"minecraft:wooden_pickaxe":4,"minecraft:iron_sword":17,"minecraft:shield":1,"easy_hammers:stone_hammer":30,"twilightforest:sorting_log_core":1,"minecraft:rotten_flesh":2,"simpletomb:grave_key":3,"minecraft:torch":59,"minecraft:dirt":13,"minecraft:crafting_table":5,"minecraft:white_bed":3,"minecraft:lava_bucket":1,"minecraft:lantern":4,"minecraft:bread":3,"minecraft:brick_stairs":26,"minecraft:stone_axe":91,"minecraft:cobblestone":57,"twilightforest:time_log_core":3,"minecraft:cooked_porkchop":1,"minecraft:andesite":12,"minecraft:bucket":6,"minecraft:cooked_beef":5},"minecraft:crafted":{"minecraft:oak_planks":8,"minecraft:cooked_porkchop":2,"minecraft:crafting_table":1,"minecraft:spruce_planks":8,"minecraft:wooden_pickaxe":1,"easy_hammers:stone_hammer":1,"minecraft:bucket":2,"minecraft:stone_axe":1,"minecraft:cooked_mutton":4,"minecraft:air":0,"minecraft:shield":1,"minecraft:stick":36,"minecraft:stone_pickaxe":1,"minecraft:white_bed":1,"minecraft:acacia_planks":16,"minecraft:dark_oak_planks":12,"minecraft:torch":124},"minecraft:picked_up":{"minecraft:crafting_table":5,"minecraft:coarse_dirt":1,"minecraft:cooked_beef":5,"minecraft:andesite":92,"minecraft:leather":3,"minecraft:acacia_wood":1,"minecraft:birch_planks":1,"minecraft:gunpowder":1,"minecraft:dirt":13,"minecraft:cornflower":1,"minecraft:string":1,"minecraft:bone":4,"minecraft:cobbled_deepslate":6,"minecraft:spruce_planks":17,"minecraft:beef":2,"minecraft:acacia_sapling":8,"minecraft:oak_planks":3,"minecraft:iron_sword":1,"minecraft:stick":3,"minecraft:raw_iron":76,"minecraft:cooked_porkchop":2,"minecraft:torch":2,"minecraft:acacia_log":38,"minecraft:porkchop":6,"minecraft:jungle_planks":1,"minecraft:stripped_spruce_log":2,"minecraft:white_bed":2,"minecraft:oak_wood":2,"minecraft:arrow":3,"minecraft:rotten_flesh":3,"minecraft:mutton":4,"minecraft:dark_oak_wood":3,"minecraft:coal":65,"minecraft:white_wool":3,"minecraft:rail":1,"minecraft:cobblestone":106}},"DataVersion":3465}