{"stats":{"minecraft:dropped":{"minecraft:gravel":1,"minecraft:brick_wall":1,"minecraft:brick_slab":1},"minecraft:custom":{"minecraft:time_since_rest":38025,"minecraft:crouch_one_cm":13861,"minecraft:walk_one_cm":20306,"minecraft:sprint_one_cm":18444,"minecraft:play_time":54730,"minecraft:damage_taken":395,"minecraft:deaths":1,"minecraft:sneak_time":5436,"minecraft:walk_under_water_one_cm":1890,"minecraft:drop":3,"minecraft:jump":144,"minecraft:leave_game":3,"minecraft:time_since_death":38002,"minecraft:walk_on_water_one_cm":28,"minecraft:total_world_time":171020,"minecraft:fall_one_cm":5790,"minecraft:fly_one_cm":176306,"minecraft:horse_one_cm":4627},"minecraft:used":{"minecraft:lantern":4,"twilightforest:time_log_core":3,"minecraft:brick_stairs":26,"minecraft:stone":57}},"DataVersion":3465}