{"stats":{"minecraft:dropped":{"minecraft:iron_sword":2,"minecraft:cooked_beef":5,"minecraft:stone_sword":1,"minecraft:cobblestone":17,"easy_hammers:stone_hammer":1,"easy_hammers:wooden_hammer":1},"minecraft:custom":{"minecraft:time_since_rest":162,"minecraft:interact_with_furnace":9,"minecraft:sprint_one_cm":95355,"minecraft:damage_taken":2144,"minecraft:walk_one_cm":52956,"minecraft:mob_kills":9,"minecraft:drop":27,"minecraft:damage_dealt":1126,"minecraft:swim_one_cm":6654,"minecraft:interact_with_crafting_table":4,"minecraft:fly_one_cm":462740,"minecraft:open_chest":1,"minecraft:crouch_one_cm":866,"minecraft:play_time":36405,"minecraft:deaths":6,"minecraft:sneak_time":565,"minecraft:walk_under_water_one_cm":3687,"minecraft:jump":1153,"minecraft:leave_game":14,"minecraft:time_since_death":135,"minecraft:walk_on_water_one_cm":8355,"minecraft:total_world_time":36405,"minecraft:climb_one_cm":1024,"minecraft:fall_one_cm":34381},"minecraft:mined":{"minecraft:acacia_leaves":1,"minecraft:furnace":1,"minecraft:spruce_log":5,"minecraft:crafting_table":2,"minecraft:ladder":2,"minecraft:grass":1,"minecraft:coal_ore":13,"minecraft:jungle_planks":1,"minecraft:cobblestone":3,"minecraft:spruce_leaves":3,"minecraft:stone":30,"minecraft:oak_planks":17},"minecraft:killed":{"minecraft:sheep":2,"minecraft:pig":1,"minecraft:cow":6},"minecraft:used":{"minecraft:apple":4,"minecraft:stone_sword":4,"minecraft:ladder":2,"easy_hammers:wooden_hammer":11,"minecraft:iron_sword":3,"easy_hammers:stone_hammer":36,"minecraft:spruce_sapling":1,"simpletomb:grave_key":1,"minecraft:stone_axe":30,"minecraft:torch":1,"minecraft:cobblestone":95,"minecraft:mutton":1,"minecraft:crafting_table":2,"minecraft:furnace":1,"minecraft:jungle_planks":1,"minecraft:cooked_beef":6},"minecraft:crafted":{"minecraft:cooked_beef":11,"easy_hammers:wooden_hammer":1,"minecraft:cooked_porkchop":2,"minecraft:crafting_table":1,"minecraft:spruce_planks":20,"minecraft:stick":8,"minecraft:stone_sword":1,"minecraft:furnace":1,"easy_hammers:stone_hammer":1,"minecraft:torch":24,"minecraft:stone_axe":1,"minecraft:air":0},"minecraft:picked_up":{"minecraft:stick":8,"minecraft:crafting_table":2,"minecraft:ladder":2,"minecraft:leather":6,"aether:iron_gloves":1,"minecraft:porkchop":2,"minecraft:jungle_planks":1,"minecraft:spruce_sapling":1,"minecraft:spruce_log":5,"minecraft:dirt":2,"minecraft:arrow":2,"minecraft:beef":11,"easy_hammers:stone_hammer":1,"minecraft:iron_sword":1,"minecraft:mutton":5,"minecraft:oak_planks":16,"minecraft:coal":40,"minecraft:white_wool":2,"minecraft:cobblestone":208,"minecraft:furnace":1}},"DataVersion":3465}