{"stats":{"minecraft:dropped":{"minecraft:iron_sword":2,"minecraft:cooked_beef":5,"minecraft:stone_sword":1,"minecraft:cooked_porkchop":2,"minecraft:cobblestone":17,"easy_hammers:stone_hammer":2,"easy_hammers:wooden_hammer":1},"minecraft:custom":{"minecraft:interact_with_furnace":18,"minecraft:mob_kills":13,"minecraft:interact_with_crafting_table":4,"minecraft:leave_game":17,"minecraft:time_since_death":1486,"minecraft:climb_one_cm":1056,"minecraft:time_since_rest":1513,"minecraft:sprint_one_cm":193581,"minecraft:damage_taken":3920,"minecraft:walk_one_cm":122610,"minecraft:drop":30,"minecraft:damage_dealt":2120,"minecraft:swim_one_cm":13790,"minecraft:fly_one_cm":548204,"minecraft:player_kills":1,"minecraft:open_chest":1,"minecraft:crouch_one_cm":1646,"minecraft:play_time":65480,"minecraft:deaths":8,"minecraft:sneak_time":841,"minecraft:walk_under_water_one_cm":4218,"minecraft:jump":1872,"minecraft:walk_on_water_one_cm":10818,"minecraft:total_world_time":65480,"minecraft:fall_one_cm":52986},"minecraft:killed_by":{"minecraft:player":1},"minecraft:mined":{"minecraft:acacia_leaves":1,"minecraft:crafting_table":2,"minecraft:torch":1,"minecraft:ladder":2,"minecraft:jungle_planks":1,"minecraft:cobblestone":6,"minecraft:spruce_leaves":3,"minecraft:oak_planks":18,"minecraft:wall_torch":1,"minecraft:furnace":4,"minecraft:iron_ore":18,"minecraft:spruce_log":5,"minecraft:andesite":3,"minecraft:grass":1,"minecraft:coal_ore":34,"minecraft:gravel":1,"minecraft:stone":35},"minecraft:killed":{"minecraft:pig":1,"minecraft:skeleton":1,"minecraft:sheep":2,"minecraft:zombie":3,"minecraft:cow":6},"minecraft:used":{"minecraft:stone_sword":4,"minecraft:oak_planks":9,"minecraft:ladder":2,"easy_hammers:wooden_hammer":11,"easy_hammers:stone_hammer":43,"minecraft:iron_sword":20,"minecraft:rotten_flesh":3,"simpletomb:grave_key":4,"minecraft:torch":4,"minecraft:rail":1,"minecraft:mutton":3,"minecraft:crafting_table":2,"minecraft:jungle_planks":1,"minecraft:apple":4,"minecraft:bread":1,"minecraft:iron_pickaxe":48,"minecraft:spruce_sapling":1,"minecraft:gravel":1,"minecraft:stone_axe":30,"minecraft:cobblestone":179,"minecraft:furnace":4,"minecraft:cooked_porkchop":7,"minecraft:andesite":7,"minecraft:cooked_beef":8},"minecraft:crafted":{"minecraft:cooked_beef":13,"easy_hammers:wooden_hammer":1,"minecraft:cooked_porkchop":6,"minecraft:crafting_table":1,"minecraft:spruce_planks":20,"minecraft:furnace":1,"easy_hammers:stone_hammer":1,"minecraft:stone_axe":1,"minecraft:air":0,"minecraft:stick":8,"minecraft:stone_sword":1,"minecraft:torch":24},"minecraft:picked_up":{"minecraft:crafting_table":2,"minecraft:ladder":2,"minecraft:andesite":17,"minecraft:leather":6,"aether:iron_gloves":1,"minecraft:dirt":2,"minecraft:iron_ingot":1,"minecraft:beef":11,"easy_hammers:stone_hammer":2,"minecraft:oak_planks":17,"minecraft:iron_sword":1,"minecraft:furnace":4,"minecraft:stick":8,"minecraft:raw_iron":18,"minecraft:cooked_porkchop":3,"minecraft:torch":2,"minecraft:gravel":1,"minecraft:porkchop":2,"minecraft:jungle_planks":1,"minecraft:spruce_sapling":1,"minecraft:spruce_log":5,"minecraft:arrow":2,"minecraft:rotten_flesh":4,"minecraft:mutton":5,"minecraft:coal":107,"minecraft:rail":1,"minecraft:white_wool":2,"minecraft:cobblestone":231}},"DataVersion":3465}