{"stats":{"minecraft:dropped":{"minecraft:torchflower":1,"minecraft:iron_ingot":49,"minecraft:iron_sword":2,"minecraft:cooked_beef":5,"minecraft:diamond":2,"minecraft:cooked_porkchop":2,"minecraft:iron_helmet":1,"minecraft:cobblestone":17,"minecraft:torch":2,"minecraft:iron_leggings":2,"minecraft:anvil":1,"minecraft:cobbled_deepslate":62,"minecraft:stone_sword":1,"minecraft:pointed_dripstone":6,"easy_hammers:stone_hammer":3,"minecraft:deepslate_bricks":2,"minecraft:andesite":6,"easy_hammers:wooden_hammer":1},"minecraft:custom":{"minecraft:mob_kills":39,"minecraft:interact_with_crafting_table":16,"minecraft:open_barrel":20,"minecraft:leave_game":17,"minecraft:time_since_death":2110,"minecraft:climb_one_cm":9548,"minecraft:sprint_one_cm":485027,"minecraft:walk_one_cm":298190,"minecraft:drop":46,"minecraft:play_time":149480,"minecraft:deaths":25,"minecraft:sneak_time":3070,"minecraft:walk_under_water_one_cm":4406,"minecraft:jump":4498,"minecraft:walk_on_water_one_cm":13778,"minecraft:total_world_time":149480,"minecraft:interact_with_furnace":39,"minecraft:sleep_in_bed":6,"minecraft:time_since_rest":2160,"minecraft:damage_taken":10140,"minecraft:damage_dealt":8924,"minecraft:swim_one_cm":14674,"minecraft:fly_one_cm":941874,"minecraft:player_kills":8,"minecraft:open_chest":4,"minecraft:crouch_one_cm":7300,"minecraft:fall_one_cm":110490},"minecraft:killed_by":{"minecraft:player":5},"minecraft:mined":{"minecraft:tuff":6,"minecraft:spruce_planks":1,"minecraft:white_bed":5,"minecraft:deepslate_diamond_ore":2,"minecraft:sculk_vein":1,"minecraft:ladder":2,"minecraft:jungle_planks":1,"minecraft:redstone_wire":2,"minecraft:deepslate_bricks":2,"minecraft:spruce_leaves":3,"minecraft:hay_block":4,"minecraft:raw_iron_block":3,"minecraft:furnace":4,"minecraft:acacia_trapdoor":1,"minecraft:cobbled_deepslate":5,"minecraft:iron_ore":27,"minecraft:fire":3,"minecraft:andesite":12,"minecraft:sculk_shrieker":1,"minecraft:pointed_dripstone":4,"minecraft:deepslate_iron_ore":8,"minecraft:rail":1,"minecraft:stone":35,"minecraft:acacia_leaves":1,"minecraft:scaffolding":2,"minecraft:soul_fire":5,"minecraft:amethyst_cluster":12,"minecraft:piglin_head":1,"minecraft:crafting_table":2,"minecraft:torch":3,"minecraft:blast_furnace":4,"minecraft:melon":3,"minecraft:cobblestone":6,"minecraft:dried_kelp_block":3,"minecraft:grindstone":1,"minecraft:oak_planks":18,"minecraft:damaged_anvil":4,"minecraft:sculk":3,"minecraft:wall_torch":2,"minecraft:blue_ice":1,"minecraft:creeper_head":1,"minecraft:spruce_log":10,"minecraft:grass":1,"minecraft:oak_log":8,"minecraft:coal_ore":34,"minecraft:gravel":1,"minecraft:lodestone":14,"minecraft:cobweb":28,"minecraft:deepslate":147},"minecraft:killed":{"minecraft:cave_spider":6,"cataclysm:the_prowler":1,"minecraft:spider":2,"minecraft:skeleton":2,"minecraft:pig":1,"cataclysm:the_watcher":7,"minecraft:creeper":1,"minecraft:sheep":2,"minecraft:zombie":9,"minecraft:cow":6},"minecraft:used":{"minecraft:iron_bars":1,"minecraft:stone_sword":4,"minecraft:redstone":4,"minecraft:dried_kelp":27,"minecraft:ladder":2,"easy_hammers:wooden_hammer":11,"minecraft:spruce_planks":22,"easy_hammers:stone_hammer":44,"minecraft:iron_sword":160,"minecraft:rotten_flesh":10,"simpletomb:grave_key":15,"minecraft:iron_chestplate":5,"minecraft:torch":57,"minecraft:dirt":2,"minecraft:mutton":3,"minecraft:jungle_planks":1,"minecraft:iron_helmet":1,"minecraft:iron_boots":1,"minecraft:scaffolding":7,"minecraft:furnace":4,"minecraft:cooked_beef":8,"minecraft:cobbled_deepslate":113,"minecraft:acacia_planks":4,"minecraft:pointed_dripstone":1,"minecraft:oak_planks":41,"minecraft:rail":2,"minecraft:crafting_table":4,"minecraft:white_bed":2,"minecraft:oak_log":1,"minecraft:flower_pot":1,"minecraft:apple":4,"easy_hammers:diamond_hammer":116,"minecraft:bread":13,"minecraft:melon_slice":17,"minecraft:iron_pickaxe":170,"minecraft:spruce_sapling":1,"minecraft:gravel":1,"minecraft:stone_axe":60,"minecraft:cobblestone":196,"minecraft:cooked_porkchop":7,"minecraft:andesite":21},"minecraft:crafted":{"minecraft:oak_planks":24,"minecraft:raw_iron":36,"minecraft:furnace":1,"easy_hammers:stone_hammer":1,"minecraft:iron_boots":1,"minecraft:wheat":36,"minecraft:cooked_beef":13,"easy_hammers:wooden_hammer":1,"easy_hammers:diamond_hammer":1,"minecraft:cooked_porkchop":6,"minecraft:crafting_table":1,"minecraft:spruce_planks":40,"minecraft:dried_kelp":27,"minecraft:iron_helmet":1,"minecraft:stone_axe":1,"minecraft:bread":12,"minecraft:air":0,"minecraft:iron_chestplate":1,"minecraft:shield":1,"minecraft:stick":8,"minecraft:iron_ingot":88,"minecraft:stone_sword":1,"minecraft:iron_leggings":1,"minecraft:gold_ingot":31,"minecraft:torch":24},"minecraft:picked_up":{"minecraft:crafting_table":3,"minecraft:iron_chestplate":1,"minecraft:flower_pot":1,"minecraft:ladder":2,"minecraft:creeper_head":1,"minecraft:anvil":1,"aether:iron_gloves":1,"minecraft:string":42,"minecraft:iron_leggings":1,"travelersbackpack:pig":1,"minecraft:cobbled_deepslate":446,"minecraft:spruce_planks":1,"minecraft:beef":11,"easy_hammers:stone_hammer":2,"minecraft:iron_pickaxe":1,"minecraft:melon_slice":17,"minecraft:furnace":5,"minecraft:raw_iron":39,"minecraft:stick":8,"minecraft:torch":7,"minecraft:porkchop":2,"minecraft:pointed_dripstone":7,"minecraft:redstone":4,"minecraft:arrow":4,"minecraft:rotten_flesh":11,"minecraft:deepslate_bricks":2,"minecraft:hay_block":4,"minecraft:mutton":5,"minecraft:cobblestone":231,"minecraft:iron_bars":1,"minecraft:white_wool":2,"minecraft:rail":2,"minecraft:andesite":27,"minecraft:leather":6,"minecraft:torchflower":1,"minecraft:tuff":52,"minecraft:oak_log":7,"minecraft:dirt":2,"minecraft:piglin_head":1,"minecraft:bone":2,"minecraft:acacia_planks":4,"minecraft:acacia_trapdoor":1,"minecraft:iron_ingot":12,"minecraft:grindstone":1,"minecraft:iron_sword":1,"minecraft:oak_planks":17,"minecraft:scaffolding":7,"minecraft:cooked_porkchop":3,"minecraft:raw_iron_block":4,"minecraft:gravel":1,"minecraft:jungle_planks":1,"minecraft:amethyst_shard":48,"minecraft:spruce_sapling":1,"minecraft:blast_furnace":2,"minecraft:white_bed":3,"minecraft:spruce_log":10,"minecraft:spider_eye":2,"minecraft:crying_obsidian":3,"minecraft:dried_kelp_block":3,"minecraft:diamond":16,"minecraft:iron_helmet":1,"minecraft:lodestone":13,"minecraft:damaged_anvil":4,"minecraft:coal":107}},"DataVersion":3465}