{"stats":{"minecraft:dropped":{"minecraft:iron_sword":2,"minecraft:cooked_beef":5,"minecraft:stone_sword":1,"minecraft:cooked_porkchop":1,"minecraft:cobblestone":17,"easy_hammers:stone_hammer":1,"easy_hammers:wooden_hammer":1},"minecraft:custom":{"minecraft:interact_with_furnace":15,"minecraft:mob_kills":9,"minecraft:interact_with_crafting_table":4,"minecraft:leave_game":14,"minecraft:time_since_death":9902,"minecraft:climb_one_cm":1056,"minecraft:time_since_rest":9928,"minecraft:sprint_one_cm":149373,"minecraft:damage_taken":2890,"minecraft:walk_one_cm":86920,"minecraft:drop":28,"minecraft:damage_dealt":1156,"minecraft:swim_one_cm":13790,"minecraft:fly_one_cm":511251,"minecraft:open_chest":1,"minecraft:crouch_one_cm":1098,"minecraft:play_time":48405,"minecraft:deaths":7,"minecraft:sneak_time":636,"minecraft:walk_under_water_one_cm":4218,"minecraft:jump":1497,"minecraft:walk_on_water_one_cm":10818,"minecraft:total_world_time":48405,"minecraft:fall_one_cm":41631},"minecraft:mined":{"minecraft:acacia_leaves":1,"minecraft:crafting_table":2,"minecraft:ladder":2,"minecraft:jungle_planks":1,"minecraft:cobblestone":3,"minecraft:spruce_leaves":3,"minecraft:oak_planks":17,"minecraft:furnace":3,"minecraft:iron_ore":10,"minecraft:spruce_log":5,"minecraft:grass":1,"minecraft:coal_ore":34,"minecraft:stone":32},"minecraft:killed":{"minecraft:pig":1,"minecraft:sheep":2,"minecraft:cow":6},"minecraft:used":{"minecraft:stone_sword":4,"minecraft:oak_planks":1,"minecraft:ladder":2,"easy_hammers:wooden_hammer":11,"easy_hammers:stone_hammer":36,"minecraft:iron_sword":3,"minecraft:rotten_flesh":2,"simpletomb:grave_key":3,"minecraft:torch":3,"minecraft:mutton":3,"minecraft:crafting_table":2,"minecraft:jungle_planks":1,"minecraft:apple":4,"minecraft:bread":1,"minecraft:iron_pickaxe":35,"minecraft:spruce_sapling":1,"minecraft:stone_axe":30,"minecraft:cobblestone":131,"minecraft:furnace":4,"minecraft:cooked_porkchop":3,"minecraft:cooked_beef":6},"minecraft:crafted":{"minecraft:cooked_beef":11,"easy_hammers:wooden_hammer":1,"minecraft:cooked_porkchop":6,"minecraft:crafting_table":1,"minecraft:spruce_planks":20,"minecraft:furnace":1,"easy_hammers:stone_hammer":1,"minecraft:stone_axe":1,"minecraft:air":0,"minecraft:stick":8,"minecraft:stone_sword":1,"minecraft:torch":24},"minecraft:picked_up":{"minecraft:crafting_table":2,"minecraft:ladder":2,"minecraft:leather":6,"aether:iron_gloves":1,"minecraft:dirt":2,"minecraft:beef":11,"easy_hammers:stone_hammer":1,"minecraft:oak_planks":16,"minecraft:iron_sword":1,"minecraft:furnace":3,"minecraft:stick":8,"minecraft:raw_iron":10,"minecraft:jungle_planks":1,"minecraft:porkchop":2,"minecraft:spruce_sapling":1,"minecraft:spruce_log":5,"minecraft:arrow":2,"minecraft:rotten_flesh":2,"minecraft:mutton":5,"minecraft:coal":61,"minecraft:white_wool":2,"minecraft:cobblestone":210}},"DataVersion":3465}