{"stats":{"minecraft:dropped":{"minecraft:iron_sword":2,"minecraft:cooked_beef":5,"minecraft:stone_sword":1,"minecraft:cobblestone":17,"easy_hammers:stone_hammer":1,"easy_hammers:wooden_hammer":1},"minecraft:custom":{"minecraft:time_since_rest":7879,"minecraft:interact_with_furnace":9,"minecraft:sprint_one_cm":79461,"minecraft:damage_taken":1508,"minecraft:walk_one_cm":46892,"minecraft:mob_kills":9,"minecraft:drop":27,"minecraft:damage_dealt":1045,"minecraft:swim_one_cm":1845,"minecraft:interact_with_crafting_table":4,"minecraft:fly_one_cm":426212,"minecraft:open_chest":1,"minecraft:crouch_one_cm":862,"minecraft:play_time":30691,"minecraft:deaths":4,"minecraft:sneak_time":543,"minecraft:walk_under_water_one_cm":2714,"minecraft:jump":935,"minecraft:leave_game":13,"minecraft:time_since_death":7853,"minecraft:walk_on_water_one_cm":6638,"minecraft:total_world_time":30691,"minecraft:climb_one_cm":1024,"minecraft:fall_one_cm":27995},"minecraft:mined":{"minecraft:acacia_leaves":1,"minecraft:furnace":1,"minecraft:spruce_log":5,"minecraft:crafting_table":2,"minecraft:ladder":2,"minecraft:grass":1,"minecraft:coal_ore":13,"minecraft:jungle_planks":1,"minecraft:cobblestone":2,"minecraft:spruce_leaves":3,"minecraft:stone":30,"minecraft:oak_planks":17},"minecraft:killed":{"minecraft:sheep":2,"minecraft:pig":1,"minecraft:cow":6},"minecraft:used":{"minecraft:stone_sword":4,"minecraft:ladder":2,"easy_hammers:wooden_hammer":11,"easy_hammers:stone_hammer":35,"minecraft:spruce_sapling":1,"simpletomb:grave_key":1,"minecraft:stone_axe":30,"minecraft:torch":1,"minecraft:cobblestone":77,"minecraft:mutton":1,"minecraft:crafting_table":2,"minecraft:furnace":1,"minecraft:jungle_planks":1,"minecraft:cooked_beef":5},"minecraft:crafted":{"minecraft:cooked_beef":11,"easy_hammers:wooden_hammer":1,"minecraft:cooked_porkchop":2,"minecraft:crafting_table":1,"minecraft:spruce_planks":20,"minecraft:stick":8,"minecraft:stone_sword":1,"minecraft:furnace":1,"easy_hammers:stone_hammer":1,"minecraft:torch":24,"minecraft:stone_axe":1,"minecraft:air":0},"minecraft:picked_up":{"minecraft:stick":8,"minecraft:crafting_table":2,"minecraft:ladder":2,"minecraft:leather":6,"aether:iron_gloves":1,"minecraft:porkchop":2,"minecraft:jungle_planks":1,"minecraft:spruce_sapling":1,"minecraft:spruce_log":5,"minecraft:dirt":2,"minecraft:arrow":2,"minecraft:beef":11,"easy_hammers:stone_hammer":1,"minecraft:iron_sword":1,"minecraft:mutton":5,"minecraft:oak_planks":16,"minecraft:coal":40,"minecraft:white_wool":2,"minecraft:cobblestone":207,"minecraft:furnace":1}},"DataVersion":3465}