{"stats":{"minecraft:dropped":{"minecraft:torchflower":1,"minecraft:anvil":1,"minecraft:iron_sword":2,"minecraft:cooked_beef":5,"minecraft:stone_sword":1,"minecraft:cooked_porkchop":2,"minecraft:pointed_dripstone":6,"minecraft:cobblestone":17,"easy_hammers:stone_hammer":2,"minecraft:deepslate_bricks":2,"minecraft:andesite":6,"minecraft:iron_leggings":2,"easy_hammers:wooden_hammer":1},"minecraft:custom":{"minecraft:interact_with_furnace":33,"minecraft:mob_kills":20,"minecraft:interact_with_crafting_table":12,"minecraft:open_barrel":8,"minecraft:leave_game":17,"minecraft:time_since_death":10666,"minecraft:sleep_in_bed":1,"minecraft:climb_one_cm":5498,"minecraft:time_since_rest":10692,"minecraft:sprint_one_cm":281087,"minecraft:damage_taken":6038,"minecraft:walk_one_cm":170011,"minecraft:drop":37,"minecraft:damage_dealt":5063,"minecraft:swim_one_cm":13790,"minecraft:fly_one_cm":712478,"minecraft:player_kills":3,"minecraft:open_chest":4,"minecraft:crouch_one_cm":2227,"minecraft:play_time":89480,"minecraft:deaths":13,"minecraft:sneak_time":1140,"minecraft:walk_under_water_one_cm":4218,"minecraft:jump":2811,"minecraft:walk_on_water_one_cm":10818,"minecraft:total_world_time":89480,"minecraft:fall_one_cm":74819},"minecraft:killed_by":{"minecraft:player":1},"minecraft:mined":{"minecraft:scaffolding":1,"minecraft:acacia_leaves":1,"minecraft:soul_fire":1,"minecraft:amethyst_cluster":12,"minecraft:piglin_head":1,"minecraft:crafting_table":2,"minecraft:torch":1,"minecraft:ladder":2,"minecraft:melon":3,"minecraft:jungle_planks":1,"minecraft:deepslate_bricks":2,"minecraft:cobblestone":6,"minecraft:spruce_leaves":3,"minecraft:damaged_anvil":1,"minecraft:oak_planks":18,"minecraft:wall_torch":1,"minecraft:hay_block":4,"minecraft:raw_iron_block":3,"minecraft:furnace":4,"minecraft:fire":3,"minecraft:iron_ore":27,"minecraft:creeper_head":1,"minecraft:spruce_log":10,"minecraft:andesite":10,"minecraft:grass":1,"minecraft:pointed_dripstone":4,"minecraft:coal_ore":34,"minecraft:deepslate_iron_ore":2,"minecraft:gravel":1,"minecraft:cobweb":2,"minecraft:stone":35},"minecraft:killed":{"minecraft:pig":1,"cataclysm:the_watcher":6,"minecraft:skeleton":1,"minecraft:sheep":2,"minecraft:zombie":4,"minecraft:cow":6},"minecraft:used":{"minecraft:stone_sword":4,"minecraft:oak_planks":17,"minecraft:ladder":2,"easy_hammers:wooden_hammer":11,"minecraft:spruce_planks":3,"easy_hammers:stone_hammer":44,"minecraft:iron_sword":72,"minecraft:rotten_flesh":6,"simpletomb:grave_key":9,"minecraft:iron_chestplate":1,"minecraft:torch":7,"minecraft:dirt":2,"minecraft:rail":1,"minecraft:mutton":3,"minecraft:crafting_table":3,"minecraft:jungle_planks":1,"minecraft:apple":4,"minecraft:melon_slice":17,"minecraft:bread":13,"minecraft:iron_pickaxe":90,"minecraft:iron_helmet":1,"minecraft:iron_boots":1,"minecraft:spruce_sapling":1,"minecraft:gravel":1,"minecraft:stone_axe":38,"minecraft:cobblestone":196,"minecraft:scaffolding":4,"minecraft:furnace":4,"minecraft:cooked_porkchop":7,"minecraft:andesite":19,"minecraft:cooked_beef":8,"minecraft:pointed_dripstone":1},"minecraft:crafted":{"minecraft:cooked_beef":13,"easy_hammers:wooden_hammer":1,"minecraft:raw_iron":27,"minecraft:cooked_porkchop":6,"minecraft:crafting_table":1,"minecraft:spruce_planks":40,"minecraft:iron_helmet":1,"minecraft:furnace":1,"easy_hammers:stone_hammer":1,"minecraft:stone_axe":1,"minecraft:bread":12,"minecraft:air":0,"minecraft:iron_boots":1,"minecraft:iron_chestplate":1,"minecraft:shield":1,"minecraft:stick":8,"minecraft:iron_ingot":88,"minecraft:stone_sword":1,"minecraft:gold_ingot":31,"minecraft:iron_leggings":1,"minecraft:torch":24,"minecraft:wheat":36},"minecraft:picked_up":{"minecraft:crafting_table":2,"minecraft:anvil":1,"minecraft:creeper_head":1,"minecraft:ladder":2,"minecraft:flower_pot":1,"minecraft:andesite":25,"minecraft:leather":6,"aether:iron_gloves":1,"minecraft:torchflower":1,"minecraft:string":3,"minecraft:dirt":2,"minecraft:iron_leggings":1,"minecraft:piglin_head":1,"minecraft:iron_ingot":8,"minecraft:beef":11,"easy_hammers:stone_hammer":2,"minecraft:melon_slice":17,"minecraft:oak_planks":17,"minecraft:iron_sword":1,"minecraft:furnace":4,"minecraft:scaffolding":4,"minecraft:stick":8,"minecraft:raw_iron":29,"minecraft:cooked_porkchop":3,"minecraft:amethyst_shard":48,"minecraft:torch":2,"minecraft:raw_iron_block":3,"minecraft:gravel":1,"minecraft:porkchop":2,"minecraft:jungle_planks":1,"minecraft:spruce_sapling":1,"minecraft:pointed_dripstone":7,"minecraft:spruce_log":10,"minecraft:redstone":2,"minecraft:arrow":2,"minecraft:rotten_flesh":8,"minecraft:deepslate_bricks":2,"minecraft:hay_block":4,"minecraft:damaged_anvil":1,"minecraft:mutton":5,"minecraft:coal":107,"minecraft:rail":1,"minecraft:white_wool":2,"minecraft:cobblestone":231}},"DataVersion":3465}