{"stats":{"minecraft:mined":{"minecraft:spruce_log":5,"minecraft:crafting_table":1,"minecraft:grass":1,"minecraft:coal_ore":12,"minecraft:jungle_planks":1,"minecraft:cobblestone":2,"minecraft:spruce_leaves":3,"minecraft:stone":27,"minecraft:oak_planks":17},"minecraft:killed":{"minecraft:sheep":2,"minecraft:pig":1,"minecraft:cow":6},"minecraft:used":{"minecraft:stone_sword":4,"easy_hammers:wooden_hammer":11,"easy_hammers:stone_hammer":30,"minecraft:stone_axe":29,"minecraft:torch":1,"minecraft:cobblestone":66,"minecraft:mutton":1,"minecraft:crafting_table":2,"minecraft:furnace":1,"minecraft:jungle_planks":1,"minecraft:cooked_beef":4},"minecraft:custom":{"minecraft:time_since_rest":420,"minecraft:interact_with_furnace":8,"minecraft:sprint_one_cm":56829,"minecraft:damage_taken":1166,"minecraft:walk_one_cm":35813,"minecraft:mob_kills":9,"minecraft:drop":24,"minecraft:damage_dealt":1045,"minecraft:swim_one_cm":415,"minecraft:interact_with_crafting_table":4,"minecraft:fly_one_cm":140382,"minecraft:open_chest":1,"minecraft:crouch_one_cm":862,"minecraft:play_time":20293,"minecraft:deaths":3,"minecraft:sneak_time":543,"minecraft:walk_under_water_one_cm":512,"minecraft:jump":612,"minecraft:leave_game":5,"minecraft:time_since_death":366,"minecraft:walk_on_water_one_cm":1412,"minecraft:total_world_time":20293,"minecraft:fall_one_cm":14959},"minecraft:crafted":{"minecraft:cooked_beef":11,"easy_hammers:wooden_hammer":1,"minecraft:crafting_table":1,"minecraft:spruce_planks":20,"minecraft:stick":8,"minecraft:stone_sword":1,"minecraft:furnace":1,"easy_hammers:stone_hammer":1,"minecraft:torch":24,"minecraft:stone_axe":1,"minecraft:air":0},"minecraft:dropped":{"minecraft:cooked_beef":5,"minecraft:cobblestone":17,"easy_hammers:stone_hammer":1,"easy_hammers:wooden_hammer":1},"minecraft:picked_up":{"minecraft:stick":8,"minecraft:crafting_table":1,"minecraft:leather":6,"minecraft:porkchop":2,"minecraft:jungle_planks":1,"minecraft:spruce_sapling":1,"minecraft:spruce_log":5,"minecraft:dirt":2,"minecraft:arrow":2,"easy_hammers:stone_hammer":1,"minecraft:beef":11,"minecraft:mutton":3,"minecraft:oak_planks":16,"minecraft:coal":33,"minecraft:white_wool":2,"minecraft:cobblestone":178}},"DataVersion":3465}