{"stats":{"minecraft:mined":{"minecraft:spruce_leaves":3,"minecraft:spruce_log":5,"minecraft:stone":14},"minecraft:killed":{"minecraft:sheep":1,"minecraft:cow":4},"minecraft:used":{"minecraft:stone_axe":7,"minecraft:cobblestone":4,"minecraft:crafting_table":1,"easy_hammers:wooden_hammer":11,"easy_hammers:stone_hammer":3},"minecraft:custom":{"minecraft:time_since_rest":4887,"minecraft:sprint_one_cm":9118,"minecraft:play_time":4887,"minecraft:damage_taken":20,"minecraft:walk_one_cm":5817,"minecraft:mob_kills":5,"minecraft:drop":18,"minecraft:jump":121,"minecraft:damage_dealt":525,"minecraft:leave_game":1,"minecraft:time_since_death":4887,"minecraft:total_world_time":4887,"minecraft:interact_with_crafting_table":3,"minecraft:fall_one_cm":3086,"minecraft:fly_one_cm":19646},"minecraft:crafted":{"minecraft:stone_sword":1,"easy_hammers:wooden_hammer":1,"easy_hammers:stone_hammer":1,"minecraft:stone_axe":1,"minecraft:crafting_table":1,"minecraft:spruce_planks":20,"minecraft:stick":8},"minecraft:dropped":{"minecraft:cobblestone":17,"easy_hammers:wooden_hammer":1},"minecraft:picked_up":{"minecraft:stick":8,"minecraft:leather":6,"minecraft:beef":6,"minecraft:spruce_sapling":1,"minecraft:spruce_log":5,"minecraft:mutton":1,"minecraft:white_wool":1,"minecraft:cobblestone":87}},"DataVersion":3465}