{"stats":{"minecraft:dropped":{"easy_hammers:diamond_hammer":1,"minecraft:torchflower":1,"minecraft:iron_ingot":49,"minecraft:iron_sword":2,"minecraft:cooked_beef":5,"minecraft:diamond":2,"minecraft:cooked_porkchop":2,"minecraft:iron_helmet":1,"minecraft:cobblestone":17,"minecraft:torch":2,"minecraft:iron_leggings":2,"minecraft:anvil":1,"minecraft:cobbled_deepslate":62,"minecraft:stone_sword":1,"minecraft:pointed_dripstone":6,"easy_hammers:stone_hammer":3,"minecraft:deepslate_bricks":2,"minecraft:andesite":6,"easy_hammers:wooden_hammer":1},"minecraft:custom":{"minecraft:mob_kills":47,"minecraft:interact_with_crafting_table":16,"minecraft:open_barrel":29,"minecraft:leave_game":17,"minecraft:time_since_death":6794,"minecraft:climb_one_cm":9548,"minecraft:sprint_one_cm":529908,"minecraft:walk_one_cm":344783,"minecraft:damage_blocked_by_shield":60,"minecraft:drop":47,"minecraft:play_time":179480,"minecraft:deaths":32,"minecraft:sneak_time":3901,"minecraft:walk_under_water_one_cm":21403,"minecraft:jump":5188,"minecraft:walk_on_water_one_cm":24966,"minecraft:total_world_time":179480,"minecraft:interact_with_furnace":39,"minecraft:sleep_in_bed":8,"minecraft:time_since_rest":6822,"minecraft:damage_taken":13061,"minecraft:damage_dealt":9612,"minecraft:swim_one_cm":54653,"minecraft:fly_one_cm":1023613,"minecraft:player_kills":9,"minecraft:open_chest":4,"minecraft:crouch_one_cm":8438,"minecraft:fall_one_cm":136890},"minecraft:killed_by":{"minecraft:player":5},"minecraft:mined":{"minecraft:tuff":7,"minecraft:spruce_planks":1,"minecraft:white_bed":8,"minecraft:deepslate_diamond_ore":2,"minecraft:sculk_vein":1,"minecraft:ladder":2,"minecraft:jungle_planks":1,"minecraft:redstone_wire":2,"minecraft:deepslate_bricks":2,"minecraft:spruce_leaves":3,"minecraft:hay_block":4,"minecraft:raw_iron_block":3,"minecraft:furnace":4,"minecraft:acacia_trapdoor":1,"minecraft:cobbled_deepslate":12,"minecraft:iron_ore":29,"minecraft:fire":3,"minecraft:andesite":23,"minecraft:sculk_shrieker":1,"minecraft:pointed_dripstone":4,"minecraft:deepslate_iron_ore":8,"minecraft:rail":1,"minecraft:stone":145,"minecraft:acacia_leaves":1,"minecraft:scaffolding":2,"minecraft:soul_fire":5,"minecraft:amethyst_cluster":12,"minecraft:piglin_head":1,"minecraft:crafting_table":2,"minecraft:torch":3,"minecraft:blast_furnace":4,"minecraft:melon":3,"minecraft:copper_ore":2,"minecraft:cobblestone":10,"minecraft:dried_kelp_block":3,"minecraft:grindstone":1,"minecraft:oak_planks":18,"minecraft:damaged_anvil":4,"minecraft:sculk":3,"minecraft:wall_torch":3,"minecraft:blue_ice":1,"minecraft:creeper_head":1,"minecraft:spruce_log":10,"minecraft:grass":1,"minecraft:oak_log":8,"minecraft:coal_ore":34,"minecraft:gravel":1,"minecraft:dirt":4,"minecraft:lodestone":14,"minecraft:cobweb":28,"minecraft:deepslate":184},"minecraft:killed":{"minecraft:cave_spider":6,"cataclysm:the_prowler":1,"minecraft:spider":2,"minecraft:skeleton":2,"minecraft:pig":1,"cataclysm:the_watcher":7,"minecraft:creeper":1,"minecraft:sheep":2,"minecraft:zombie":13,"minecraft:cow":6},"minecraft:used":{"minecraft:iron_bars":1,"minecraft:stone_sword":4,"minecraft:redstone":4,"minecraft:dried_kelp":27,"minecraft:ladder":2,"easy_hammers:wooden_hammer":11,"minecraft:spruce_planks":22,"minecraft:shield":1,"easy_hammers:stone_hammer":44,"minecraft:iron_sword":179,"minecraft:rotten_flesh":14,"simpletomb:grave_key":17,"minecraft:iron_chestplate":5,"minecraft:torch":100,"minecraft:dirt":2,"minecraft:mutton":3,"minecraft:jungle_planks":1,"minecraft:tuff":6,"minecraft:iron_helmet":1,"minecraft:iron_boots":1,"minecraft:scaffolding":7,"minecraft:furnace":4,"minecraft:cooked_beef":8,"minecraft:cobbled_deepslate":297,"minecraft:acacia_planks":4,"minecraft:pointed_dripstone":1,"minecraft:oak_planks":41,"minecraft:rail":2,"minecraft:crafting_table":4,"minecraft:white_bed":7,"minecraft:oak_log":1,"minecraft:flower_pot":1,"minecraft:apple":4,"easy_hammers:diamond_hammer":285,"minecraft:bread":13,"minecraft:melon_slice":17,"minecraft:iron_pickaxe":180,"minecraft:spruce_sapling":1,"minecraft:gravel":1,"minecraft:stone_axe":60,"minecraft:cobblestone":196,"minecraft:cooked_porkchop":7,"minecraft:andesite":21},"minecraft:crafted":{"minecraft:oak_planks":24,"minecraft:raw_iron":36,"minecraft:furnace":1,"easy_hammers:stone_hammer":1,"minecraft:iron_boots":1,"minecraft:wheat":36,"minecraft:cooked_beef":13,"easy_hammers:wooden_hammer":1,"easy_hammers:diamond_hammer":1,"minecraft:cooked_porkchop":6,"minecraft:crafting_table":1,"minecraft:spruce_planks":40,"minecraft:dried_kelp":27,"minecraft:iron_helmet":1,"minecraft:stone_axe":1,"minecraft:bread":12,"minecraft:air":0,"minecraft:iron_chestplate":1,"minecraft:shield":1,"minecraft:stick":8,"minecraft:iron_ingot":88,"minecraft:stone_sword":1,"minecraft:iron_leggings":1,"minecraft:gold_ingot":31,"minecraft:torch":24},"minecraft:picked_up":{"minecraft:crafting_table":3,"minecraft:iron_chestplate":1,"minecraft:flower_pot":1,"minecraft:ladder":2,"minecraft:creeper_head":1,"minecraft:anvil":1,"aether:iron_gloves":1,"minecraft:string":43,"minecraft:raw_copper":45,"minecraft:iron_leggings":1,"travelersbackpack:pig":1,"minecraft:cobbled_deepslate":751,"minecraft:spruce_planks":1,"minecraft:beef":11,"easy_hammers:stone_hammer":2,"minecraft:iron_pickaxe":1,"minecraft:melon_slice":17,"minecraft:furnace":5,"minecraft:raw_iron":45,"minecraft:stick":8,"minecraft:torch":29,"minecraft:porkchop":2,"easy_hammers:diamond_hammer":1,"minecraft:pointed_dripstone":7,"minecraft:redstone":9,"minecraft:arrow":6,"minecraft:rotten_flesh":14,"minecraft:deepslate_bricks":2,"minecraft:hay_block":4,"minecraft:obsidian":25,"minecraft:mutton":5,"minecraft:cobblestone":743,"minecraft:iron_bars":1,"minecraft:white_wool":2,"minecraft:rail":2,"minecraft:glow_ink_sac":1,"minecraft:andesite":46,"minecraft:leather":6,"minecraft:torchflower":1,"minecraft:tuff":59,"minecraft:oak_log":7,"minecraft:dirt":6,"minecraft:piglin_head":1,"minecraft:bone":3,"minecraft:acacia_planks":4,"minecraft:acacia_trapdoor":1,"minecraft:iron_ingot":12,"minecraft:grindstone":1,"minecraft:iron_sword":1,"minecraft:oak_planks":17,"minecraft:scaffolding":7,"minecraft:cooked_porkchop":3,"minecraft:raw_iron_block":4,"minecraft:gravel":1,"minecraft:jungle_planks":1,"minecraft:amethyst_shard":48,"minecraft:spruce_sapling":1,"minecraft:blast_furnace":2,"minecraft:white_bed":7,"minecraft:spruce_log":10,"minecraft:spider_eye":2,"minecraft:crying_obsidian":3,"minecraft:mossy_cobblestone":3,"minecraft:dried_kelp_block":3,"minecraft:diamond":16,"minecraft:iron_helmet":1,"minecraft:granite":1,"minecraft:lodestone":13,"minecraft:damaged_anvil":4,"minecraft:coal":107},"minecraft:broken":{"minecraft:iron_boots":1,"minecraft:iron_leggings":1}},"DataVersion":3465}