{"stats":{"minecraft:dropped":{"easy_hammers:diamond_hammer":1,"minecraft:torchflower":1,"minecraft:iron_ingot":49,"minecraft:bread":38,"minecraft:iron_sword":2,"minecraft:wheat_seeds":1,"minecraft:cooked_beef":21,"minecraft:glow_ink_sac":1,"minecraft:mossy_cobblestone":3,"minecraft:diamond":2,"minecraft:cooked_porkchop":2,"minecraft:iron_helmet":1,"minecraft:cobblestone":81,"minecraft:granite":1,"minecraft:dirt":4,"minecraft:torch":2,"minecraft:iron_leggings":2,"minecraft:string":1,"minecraft:white_wool":1,"minecraft:redstone":5,"minecraft:white_tulip":1,"minecraft:anvil":1,"minecraft:stone_sword":1,"minecraft:cobbled_deepslate":62,"minecraft:raw_copper":45,"minecraft:tuff":1,"minecraft:pointed_dripstone":6,"minecraft:rotten_flesh":2,"easy_hammers:stone_hammer":3,"minecraft:deepslate_bricks":2,"minecraft:andesite":6,"easy_hammers:wooden_hammer":1},"minecraft:custom":{"minecraft:interact_with_anvil":3,"minecraft:mob_kills":74,"minecraft:interact_with_crafting_table":16,"minecraft:open_barrel":29,"minecraft:leave_game":21,"minecraft:time_since_death":43030,"minecraft:climb_one_cm":9960,"minecraft:sprint_one_cm":605809,"minecraft:walk_one_cm":368846,"minecraft:damage_blocked_by_shield":60,"minecraft:drop":126,"minecraft:play_time":215716,"minecraft:deaths":32,"minecraft:sneak_time":3924,"minecraft:walk_under_water_one_cm":32505,"minecraft:boat_one_cm":21193,"minecraft:jump":6266,"minecraft:walk_on_water_one_cm":27942,"minecraft:total_world_time":215716,"minecraft:interact_with_furnace":39,"minecraft:sleep_in_bed":10,"minecraft:time_since_rest":1187,"minecraft:damage_taken":14061,"minecraft:damage_dealt":13329,"minecraft:swim_one_cm":54653,"minecraft:fly_one_cm":1238574,"minecraft:player_kills":10,"minecraft:open_chest":5,"minecraft:crouch_one_cm":8486,"minecraft:fall_one_cm":174727},"minecraft:killed_by":{"minecraft:player":5},"minecraft:mined":{"minecraft:spruce_planks":1,"minecraft:tuff":7,"minecraft:white_bed":8,"minecraft:deepslate_diamond_ore":2,"minecraft:sculk_vein":1,"minecraft:ladder":2,"minecraft:jungle_planks":1,"minecraft:redstone_wire":2,"minecraft:deepslate_bricks":2,"minecraft:spruce_leaves":3,"minecraft:hay_block":4,"minecraft:raw_iron_block":3,"minecraft:furnace":4,"minecraft:acacia_trapdoor":1,"minecraft:iron_ore":30,"minecraft:cobbled_deepslate":15,"minecraft:fire":3,"minecraft:andesite":23,"minecraft:sculk_shrieker":1,"minecraft:pointed_dripstone":4,"minecraft:deepslate_iron_ore":8,"minecraft:rail":1,"minecraft:stone":147,"minecraft:white_tulip":1,"minecraft:white_wool":1,"minecraft:acacia_leaves":1,"minecraft:scaffolding":2,"minecraft:smoker":1,"minecraft:soul_fire":5,"minecraft:amethyst_cluster":12,"minecraft:piglin_head":1,"minecraft:crafting_table":2,"minecraft:cornflower":1,"minecraft:torch":3,"minecraft:blast_furnace":4,"minecraft:melon":3,"minecraft:copper_ore":2,"minecraft:tall_grass":7,"minecraft:cobblestone":10,"minecraft:dried_kelp_block":3,"minecraft:grindstone":1,"minecraft:oak_planks":18,"minecraft:damaged_anvil":5,"minecraft:sculk":3,"minecraft:wall_torch":3,"minecraft:creeper_head":1,"minecraft:blue_ice":1,"minecraft:spruce_log":10,"minecraft:birch_leaves":3,"minecraft:grass":8,"minecraft:oak_log":8,"minecraft:coal_ore":35,"minecraft:gravel":1,"minecraft:dirt":4,"minecraft:lodestone":14,"minecraft:cobweb":28,"minecraft:deepslate":184},"minecraft:killed":{"minecraft:cave_spider":6,"cataclysm:the_prowler":1,"minecraft:spider":2,"minecraft:skeleton":2,"minecraft:pig":10,"cataclysm:the_watcher":7,"minecraft:iron_golem":1,"minecraft:creeper":1,"minecraft:sheep":9,"minecraft:zombie":13,"minecraft:villager":1,"minecraft:cow":10},"minecraft:used":{"minecraft:stone_sword":4,"minecraft:iron_bars":1,"minecraft:redstone":4,"minecraft:dried_kelp":27,"minecraft:ladder":2,"easy_hammers:wooden_hammer":11,"minecraft:spruce_planks":22,"minecraft:shield":1,"easy_hammers:stone_hammer":44,"minecraft:iron_sword":244,"minecraft:rotten_flesh":14,"simpletomb:grave_key":17,"minecraft:iron_chestplate":5,"minecraft:torch":101,"minecraft:dirt":2,"minecraft:mutton":4,"minecraft:jungle_planks":1,"minecraft:tuff":6,"minecraft:iron_helmet":1,"minecraft:iron_boots":1,"minecraft:scaffolding":7,"minecraft:furnace":4,"minecraft:cooked_beef":8,"minecraft:cobbled_deepslate":322,"minecraft:acacia_planks":4,"minecraft:pointed_dripstone":1,"minecraft:damaged_anvil":2,"minecraft:oak_planks":41,"minecraft:white_wool":1,"minecraft:rail":2,"minecraft:crafting_table":4,"minecraft:white_bed":7,"minecraft:oak_log":1,"minecraft:flower_pot":1,"minecraft:black_wool":1,"minecraft:apple":4,"easy_hammers:diamond_hammer":289,"minecraft:bread":30,"minecraft:melon_slice":17,"minecraft:iron_pickaxe":185,"minecraft:spruce_sapling":1,"minecraft:gravel":1,"minecraft:stone_axe":61,"minecraft:cobblestone":196,"minecraft:cooked_porkchop":8,"minecraft:andesite":21},"minecraft:crafted":{"minecraft:oak_planks":24,"minecraft:raw_iron":36,"minecraft:furnace":1,"easy_hammers:stone_hammer":1,"minecraft:iron_boots":1,"minecraft:wheat":36,"minecraft:cooked_beef":13,"easy_hammers:wooden_hammer":1,"easy_hammers:diamond_hammer":1,"minecraft:cooked_porkchop":6,"minecraft:crafting_table":1,"minecraft:spruce_planks":40,"minecraft:iron_helmet":1,"minecraft:dried_kelp":27,"minecraft:stone_axe":1,"minecraft:bread":12,"minecraft:air":0,"minecraft:iron_chestplate":1,"minecraft:shield":1,"minecraft:stick":8,"minecraft:iron_ingot":88,"minecraft:stone_sword":1,"minecraft:iron_leggings":1,"minecraft:gold_ingot":31,"minecraft:torch":24},"minecraft:picked_up":{"minecraft:iron_chestplate":1,"minecraft:crafting_table":3,"minecraft:flower_pot":1,"minecraft:creeper_head":1,"minecraft:ladder":2,"minecraft:anvil":1,"aether:iron_gloves":1,"minecraft:string":43,"minecraft:raw_copper":45,"minecraft:iron_leggings":1,"travelersbackpack:pig":1,"minecraft:cobbled_deepslate":754,"minecraft:spruce_planks":1,"minecraft:beef":11,"easy_hammers:stone_hammer":2,"minecraft:white_tulip":1,"minecraft:iron_pickaxe":1,"minecraft:melon_slice":17,"minecraft:furnace":5,"minecraft:stick":8,"minecraft:raw_iron":45,"minecraft:torch":29,"minecraft:porkchop":2,"easy_hammers:diamond_hammer":1,"minecraft:pointed_dripstone":7,"minecraft:redstone":9,"minecraft:arrow":6,"minecraft:rotten_flesh":16,"minecraft:deepslate_bricks":2,"minecraft:hay_block":4,"minecraft:obsidian":25,"minecraft:mutton":6,"minecraft:iron_bars":1,"minecraft:rail":2,"minecraft:white_wool":7,"minecraft:cobblestone":748,"minecraft:cooked_beef":16,"minecraft:glow_ink_sac":1,"minecraft:andesite":46,"minecraft:leather":11,"minecraft:smoker":1,"minecraft:torchflower":1,"minecraft:tuff":59,"minecraft:oak_log":7,"minecraft:acacia_boat":1,"minecraft:dirt":6,"minecraft:piglin_head":1,"minecraft:cooked_mutton":8,"minecraft:bone":3,"minecraft:acacia_planks":4,"minecraft:wheat_seeds":1,"minecraft:acacia_trapdoor":1,"minecraft:grindstone":1,"minecraft:iron_ingot":16,"minecraft:iron_sword":1,"minecraft:oak_planks":17,"minecraft:scaffolding":7,"minecraft:cooked_porkchop":23,"minecraft:raw_iron_block":4,"minecraft:gravel":1,"minecraft:jungle_planks":1,"minecraft:amethyst_shard":48,"minecraft:spruce_sapling":1,"minecraft:blast_furnace":2,"minecraft:white_bed":7,"minecraft:spruce_log":10,"minecraft:crying_obsidian":3,"minecraft:spider_eye":2,"minecraft:mossy_cobblestone":3,"minecraft:dried_kelp_block":3,"minecraft:diamond":16,"minecraft:iron_helmet":1,"minecraft:granite":1,"minecraft:bread":62,"minecraft:lodestone":13,"minecraft:damaged_anvil":5,"minecraft:black_wool":1,"minecraft:coal":108},"minecraft:broken":{"minecraft:iron_boots":1,"minecraft:iron_leggings":1}},"DataVersion":3465}