{"stats":{"minecraft:dropped":{"minecraft:torchflower":1,"easy_hammers:diamond_hammer":1,"minecraft:iron_ingot":98,"minecraft:bread":38,"minecraft:iron_sword":3,"minecraft:wheat_seeds":2,"minecraft:cooked_beef":21,"minecraft:glass_bottle":1,"minecraft:glow_ink_sac":1,"minecraft:mossy_cobblestone":3,"minecraft:diamond":3,"minecraft:cooked_porkchop":2,"minecraft:cobblestone":498,"minecraft:iron_helmet":1,"minecraft:oak_fence":1,"minecraft:granite":1,"twilightforest:twilight_oak_sapling":3,"minecraft:dirt":4,"minecraft:torch":2,"minecraft:iron_leggings":2,"minecraft:iron_pickaxe":1,"minecraft:string":1,"minecraft:white_wool":1,"minecraft:redstone":5,"minecraft:white_tulip":1,"minecraft:anvil":1,"minecraft:oak_trapdoor":2,"minecraft:golden_chestplate":1,"minecraft:stone_sword":1,"minecraft:cobbled_deepslate":62,"minecraft:raw_copper":58,"minecraft:tuff":1,"minecraft:obsidian":25,"minecraft:pointed_dripstone":6,"minecraft:grindstone":1,"minecraft:rotten_flesh":2,"easy_hammers:stone_hammer":3,"minecraft:blast_furnace":2,"minecraft:deepslate_bricks":2,"twilightforest:lifedrain_scepter":1,"minecraft:diamond_pickaxe":1,"minecraft:andesite":6,"easy_hammers:wooden_hammer":1},"minecraft:custom":{"minecraft:interact_with_anvil":3,"minecraft:mob_kills":122,"minecraft:interact_with_crafting_table":23,"minecraft:open_barrel":29,"minecraft:leave_game":27,"minecraft:time_since_death":19514,"minecraft:climb_one_cm":9960,"minecraft:sprint_one_cm":822054,"minecraft:walk_one_cm":516908,"minecraft:damage_blocked_by_shield":90,"minecraft:drop":150,"minecraft:talked_to_villager":3,"minecraft:play_time":326993,"minecraft:deaths":64,"minecraft:sneak_time":7246,"minecraft:walk_under_water_one_cm":34471,"minecraft:boat_one_cm":21193,"minecraft:jump":9675,"minecraft:interact_with_blast_furnace":6,"minecraft:walk_on_water_one_cm":38742,"minecraft:total_world_time":326993,"minecraft:interact_with_furnace":39,"minecraft:sleep_in_bed":15,"minecraft:time_since_rest":14117,"minecraft:damage_taken":29931,"minecraft:damage_dealt":22685,"minecraft:swim_one_cm":57736,"minecraft:fly_one_cm":1919554,"minecraft:player_kills":10,"minecraft:open_chest":28,"minecraft:crouch_one_cm":12201,"minecraft:fall_one_cm":305153},"minecraft:killed_by":{"minecraft:player":5,"twilightforest:lich_minion":1},"minecraft:mined":{"minecraft:spruce_planks":1,"minecraft:tuff":17,"minecraft:white_bed":14,"minecraft:mossy_cobblestone":1,"twilightforest:cracked_mazestone":1,"minecraft:deepslate_diamond_ore":2,"minecraft:sculk_vein":1,"minecraft:ladder":2,"minecraft:grass_block":7,"minecraft:jungle_planks":1,"minecraft:redstone_wire":2,"minecraft:deepslate_bricks":2,"minecraft:spruce_leaves":3,"minecraft:hay_block":4,"minecraft:raw_iron_block":3,"minecraft:furnace":4,"minecraft:acacia_trapdoor":1,"minecraft:iron_ore":30,"minecraft:fire":4,"minecraft:cobbled_deepslate":20,"minecraft:andesite":23,"minecraft:sculk_shrieker":1,"minecraft:pointed_dripstone":4,"minecraft:deepslate_iron_ore":10,"minecraft:rail":1,"minecraft:iron_bars":3,"minecraft:stripped_oak_log":16,"minecraft:white_tulip":1,"minecraft:stone":225,"minecraft:white_wool":1,"minecraft:acacia_leaves":1,"minecraft:scaffolding":2,"minecraft:smoker":1,"minecraft:soul_fire":5,"minecraft:amethyst_cluster":12,"minecraft:oak_fence":2,"minecraft:cornflower":11,"minecraft:piglin_head":1,"minecraft:torch":3,"twilightforest:mazestone_brick":2,"minecraft:crafting_table":2,"minecraft:blast_furnace":4,"minecraft:melon":3,"minecraft:copper_ore":2,"minecraft:tall_grass":9,"twilightforest:nagastone":1,"minecraft:cobblestone":24,"minecraft:dried_kelp_block":3,"minecraft:grindstone":1,"minecraft:oak_planks":18,"minecraft:damaged_anvil":5,"minecraft:sculk":3,"minecraft:wall_torch":10,"minecraft:blue_ice":1,"minecraft:creeper_head":1,"minecraft:spruce_log":10,"minecraft:birch_leaves":3,"minecraft:grass":25,"minecraft:coal_ore":50,"minecraft:oak_log":8,"minecraft:sunflower":1,"minecraft:gravel":1,"minecraft:dirt":4,"minecraft:lodestone":14,"minecraft:cobweb":28,"minecraft:cracked_stone_bricks":3,"minecraft:stone_bricks":3,"minecraft:mossy_stone_bricks":1,"minecraft:deepslate":207,"minecraft:fern":1},"minecraft:killed":{"minecraft:cave_spider":6,"cataclysm:the_prowler":1,"minecraft:spider":2,"twilightforest:lich_minion":8,"minecraft:skeleton":6,"twilightforest:fire_beetle":1,"twilightforest:lich":2,"twilightforest:naga":1,"twilightforest:death_tome":3,"twilightforest:minotaur":3,"minecraft:pig":18,"cataclysm:the_watcher":7,"minecraft:iron_golem":1,"minecraft:creeper":1,"minecraft:sheep":10,"minecraft:zombie":18,"minecraft:villager":1,"minecraft:cow":13},"minecraft:used":{"minecraft:iron_bars":1,"minecraft:stone_sword":4,"minecraft:redstone":4,"minecraft:dried_kelp":27,"easy_hammers:wooden_hammer":11,"minecraft:ladder":2,"minecraft:spruce_planks":22,"minecraft:shield":8,"easy_hammers:stone_hammer":44,"minecraft:iron_sword":408,"simpletomb:grave_key":54,"minecraft:rotten_flesh":24,"minecraft:iron_chestplate":5,"minecraft:torch":102,"minecraft:dirt":9,"minecraft:spyglass":61,"minecraft:mutton":4,"minecraft:jungle_planks":1,"minecraft:tuff":6,"twilightforest:cracked_mazestone":3,"twilightforest:etched_nagastone":1,"minecraft:iron_helmet":1,"minecraft:iron_boots":1,"minecraft:stone_bricks":10,"minecraft:scaffolding":7,"minecraft:furnace":4,"minecraft:egg":1,"immersive_aircraft:biplane":6,"minecraft:cooked_beef":17,"minecraft:cobbled_deepslate":527,"minecraft:acacia_planks":5,"minecraft:pointed_dripstone":1,"minecraft:cooked_mutton":2,"minecraft:acacia_boat":1,"minecraft:mossy_stone_bricks":7,"minecraft:damaged_anvil":2,"twilightforest:steeleaf_helmet":1,"minecraft:oak_planks":41,"minecraft:white_wool":1,"minecraft:rail":2,"twilightforest:naga_chestplate":1,"minecraft:crafting_table":5,"minecraft:white_bed":13,"minecraft:painting":88,"minecraft:oak_log":1,"twilightforest:mossy_nagastone_stairs_left":1,"minecraft:black_wool":1,"minecraft:flower_pot":1,"minecraft:cornflower":14,"minecraft:apple":4,"easy_hammers:diamond_hammer":440,"minecraft:melon_slice":17,"minecraft:bread":40,"minecraft:iron_pickaxe":199,"minecraft:gravel":1,"minecraft:spruce_sapling":1,"minecraft:stone_axe":83,"minecraft:potion":1,"minecraft:cobblestone":880,"minecraft:andesite":21,"minecraft:cooked_porkchop":42,"twilightforest:decorative_mazestone":5,"minecraft:stripped_oak_log":8},"minecraft:crafted":{"minecraft:oak_planks":68,"minecraft:raw_iron":36,"minecraft:furnace":1,"easy_hammers:stone_hammer":1,"minecraft:oak_trapdoor":2,"minecraft:iron_boots":1,"minecraft:wheat":36,"minecraft:cooked_beef":13,"easy_hammers:wooden_hammer":1,"easy_hammers:diamond_hammer":1,"minecraft:cooked_porkchop":6,"minecraft:crafting_table":2,"minecraft:spruce_planks":40,"minecraft:dried_kelp":27,"minecraft:iron_helmet":1,"minecraft:stone_axe":1,"minecraft:bread":12,"minecraft:air":0,"minecraft:iron_chestplate":1,"twilightforest:naga_chestplate":1,"minecraft:shield":1,"minecraft:stick":8,"minecraft:iron_ingot":88,"minecraft:stone_sword":1,"minecraft:iron_leggings":1,"minecraft:gold_ingot":31,"minecraft:torch":24},"minecraft:picked_up":{"minecraft:crafting_table":3,"minecraft:iron_chestplate":1,"minecraft:flower_pot":1,"twilightforest:cooked_meef":2,"minecraft:ladder":2,"minecraft:creeper_head":1,"minecraft:anvil":1,"twilightforest:steeleaf_shovel":1,"aether:iron_gloves":1,"twilightforest:nagastone":5,"minecraft:cornflower":14,"minecraft:string":43,"minecraft:raw_copper":58,"twilightforest:mossy_nagastone_stairs_left":1,"immersive_aircraft:biplane":7,"minecraft:smooth_stone_slab":3,"minecraft:iron_leggings":1,"travelersbackpack:pig":1,"minecraft:cracked_stone_bricks":4,"minecraft:cobbled_deepslate":827,"minecraft:spruce_planks":1,"minecraft:beef":11,"minecraft:white_tulip":1,"easy_hammers:stone_hammer":2,"minecraft:iron_pickaxe":1,"minecraft:melon_slice":17,"twilightforest:lifedrain_scepter":2,"minecraft:furnace":5,"minecraft:egg":1,"minecraft:raw_iron":51,"minecraft:stick":8,"minecraft:oak_fence":1,"minecraft:torch":37,"minecraft:porkchop":2,"easy_hammers:diamond_hammer":1,"minecraft:pointed_dripstone":7,"minecraft:redstone":9,"twilightforest:raw_meef":1,"minecraft:arrow":10,"minecraft:rotten_flesh":26,"twilightforest:mazestone_mosaic":4,"twilightforest:etched_nagastone":1,"minecraft:deepslate_bricks":2,"minecraft:hay_block":4,"minecraft:obsidian":25,"minecraft:mutton":6,"minecraft:iron_bars":15,"minecraft:rail":2,"minecraft:white_wool":8,"minecraft:cobblestone":1756,"minecraft:stripped_oak_log":19,"minecraft:cooked_beef":25,"minecraft:glow_ink_sac":1,"minecraft:andesite":46,"minecraft:leather":17,"minecraft:smoker":1,"minecraft:torchflower":1,"minecraft:tuff":59,"minecraft:oak_log":7,"twilightforest:mossy_mazestone":2,"minecraft:gunpowder":1,"minecraft:acacia_boat":1,"minecraft:lapis_lazuli":23,"minecraft:dirt":13,"minecraft:paper":21,"minecraft:piglin_head":1,"minecraft:cooked_mutton":9,"minecraft:bone":7,"minecraft:acacia_planks":4,"minecraft:stone_bricks":14,"minecraft:wheat_seeds":2,"minecraft:acacia_trapdoor":1,"minecraft:grindstone":2,"minecraft:iron_ingot":16,"minecraft:mossy_stone_bricks":14,"twilightforest:decorative_mazestone":18,"minecraft:iron_sword":1,"minecraft:oak_planks":17,"minecraft:book":2,"twilightforest:cracked_mazestone":3,"minecraft:scaffolding":7,"minecraft:cooked_porkchop":38,"twilightforest:mazestone_brick":5,"minecraft:spyglass":1,"minecraft:raw_iron_block":4,"minecraft:gravel":1,"minecraft:jungle_planks":1,"minecraft:amethyst_shard":48,"minecraft:spruce_sapling":1,"minecraft:blast_furnace":2,"minecraft:white_bed":13,"minecraft:spruce_log":10,"minecraft:crying_obsidian":3,"minecraft:spider_eye":2,"minecraft:mossy_cobblestone":8,"immersive_aircraft:enhanced_propeller":1,"minecraft:dried_kelp_block":3,"twilightforest:twilight_oak_sapling":3,"minecraft:diamond":16,"minecraft:iron_helmet":1,"minecraft:granite":1,"minecraft:painting":61,"minecraft:emerald":3,"minecraft:mossy_cobblestone_stairs":1,"minecraft:bread":62,"minecraft:lodestone":13,"immersive_aircraft:steel_boiler":1,"twilightforest:spiral_bricks":2,"minecraft:damaged_anvil":5,"minecraft:black_wool":1,"minecraft:coal":167},"minecraft:broken":{"minecraft:iron_boots":1,"minecraft:iron_chestplate":1,"minecraft:iron_leggings":1,"aether:iron_gloves":1,"minecraft:iron_helmet":1}},"DataVersion":3465}